<configuration>

  <conversionRule conversionWord="coloredLevel" converterClass="play.api.Logger$ColoredLevel" />

  <appender name="STDOUT" class="ch.qos.logback.core.ConsoleAppender">
    <encoder>
      <pattern>%coloredLevel %logger{15} - %message%n%xException{10}</pattern>
    </encoder>
  </appender>

  <!--
    The logger name is typically the Java/Scala package name.
    This configures the log level to log at for a package and its children packages.
  -->
  <logger name="play" level="INFO" />
  <logger name="application" level="DEBUG" />

  <logger name="play.api.db.slick" level="DEBUG" />

  <!-- Off these ones as they are annoying, and anyway we manage configuration ourself -->
  <logger name="com.avaje.ebean.config.PropertyMapLoader" level="OFF" />
  <logger name="com.avaje.ebeaninternal.server.core.XmlConfigLoader" level="OFF" />
  <logger name="com.avaje.ebeaninternal.server.lib.BackgroundThread" level="OFF" />
  <logger name="com.gargoylesoftware.htmlunit.javascript" level="OFF" />

  <root level="INFO">
    <appender-ref ref="STDOUT" />
  </root>
</configuration>