{
  "name": "paper-dialog",
  "description": "A Material Design dialog",
  "version": "0.9.4",
  "authors": "The Polymer Authors",
  "keywords": [
    "web-components",
    "polymer",
    "dialog",
    "overlay"
  ],
  "main": "paper-dialog.html",
  "private": true,
  "repository": {
    "type": "git",
    "url": "git://github.com/PolymerElements/paper-dialog"
  },
  "license": "MIT",
  "homepage": "https://github.com/PolymerElements/paper-dialog",
  "ignore": [],
  "dependencies": {
    "polymer": "Polymer/polymer#^0.9.0",
    "paper-dialog-behavior": "PolymerElements/paper-dialog-behavior#^0.9.0",
    "paper-styles": "PolymerElements/paper-styles#^0.9.0",
    "neon-animation": "PolymerElements/neon-animation#^0.9.0"
  },
  "devDependencies": {
    "iron-component-page": "PolymerElements/iron-component-page#^0.9.0",
    "paper-button": "PolymerElements/paper-button#^0.9.0",
    "paper-dialog-scrollable": "PolymerElements/paper-dialog-scrollable#^0.9.0",
    "test-fixture": "PolymerElements/test-fixture#^0.9.0",
    "web-component-tester": "*",
    "webcomponentsjs": "webcomponents/webcomponentsjs#^0.7.0"
  },
  "_release": "0.9.4",
  "_resolution": {
    "type": "version",
    "tag": "v0.9.4",
    "commit": "0b3d3e041fc1d53b76e3d7d8f82ace71b1135e60"
  },
  "_source": "git://github.com/PolymerElements/paper-dialog.git",
  "_target": "~0.9",
  "_originalSource": "PolymerElements/paper-dialog"
}