<?xml version="1.0" encoding="UTF-8"?>
<configuration scan="true" scanPeriod="10 seconds" debug="false">

    <appender name="CONSOLE" class="ch.qos.logback.core.ConsoleAppender">
        <target>System.out</target>
        <encoder>
            <pattern>%date{MM/dd HH:mm:ss} %highlight(%-5level)[%thread] %logger - %msg%n</pattern>
        </encoder>
    </appender>

    <logger name="com.mintbeans" level="INFO" />

    <logger name="org.eclipse.jetty" level="INFO" />
    <logger name="com.mongodb.casbah" level="INFO" />

    <root level="INFO">
        <appender-ref ref="CONSOLE" />
    </root>

</configuration>