1,2-faced
2,2-faces
3,abnormal
4,abolish
5,abominable
6,abominably
7,abominate
8,abomination
9,abort
10,aborted
11,aborts
12,abrade
13,abrasive
14,abrupt
15,abruptly
16,abscond
17,absence
18,absent-minded
19,absentee
20,absurd
21,absurdity
22,absurdly
23,absurdness
24,abuse
25,abused
26,abuses
27,abusive
28,abysmal
29,abysmally
30,abyss
31,accidental
32,accost
33,accursed
34,accusation
35,accusations
36,accuse
37,accuses
38,accusing
39,accusingly
40,acerbate
41,acerbic
42,acerbically
43,ache
44,ached
45,aches
46,achey
47,aching
48,acrid
49,acridly
50,acridness
51,acrimonious
52,acrimoniously
53,acrimony
54,adamant
55,adamantly
56,addict
57,addicted
58,addicting
59,addicts
60,admonish
61,admonisher
62,admonishingly
63,admonishment
64,admonition
65,adulterate
66,adulterated
67,adulteration
68,adulterier
69,adversarial
70,adversary
71,adverse
72,adversity
73,afflict
74,affliction
75,afflictive
76,affront
77,afraid
78,aggravate
79,aggravating
80,aggravation
81,aggression
82,aggressive
83,aggressiveness
84,aggressor
85,aggrieve
86,aggrieved
87,aggrivation
88,aghast
89,agonies
90,agonize
91,agonizing
92,agonizingly
93,agony
94,aground
95,ail
96,ailing
97,ailment
98,aimless
99,alarm
100,alarmed
101,alarming
102,alarmingly
103,alienate
104,alienated
105,alienation
106,allegation
107,allegations
108,allege
109,allergic
110,allergies
111,allergy
112,aloof
113,altercation
114,ambiguity
115,ambiguous
116,ambivalence
117,ambivalent
118,ambush
119,amiss
120,amputate
121,anarchism
122,anarchist
123,anarchistic
124,anarchy
125,anemic
126,anger
127,angrily
128,angriness
129,angry
130,anguish
131,animosity
132,annihilate
133,annihilation
134,annoy
135,annoyance
136,annoyances
137,annoyed
138,annoying
139,annoyingly
140,annoys
141,anomalous
142,anomaly
143,antagonism
144,antagonist
145,antagonistic
146,antagonize
147,anti-
148,anti-american
149,anti-israeli
150,anti-occupation
151,anti-proliferation
152,anti-semites
153,anti-social
154,anti-us
155,anti-white
156,antipathy
157,antiquated
158,antithetical
159,anxieties
160,anxiety
161,anxious
162,anxiously
163,anxiousness
164,apathetic
165,apathetically
166,apathy
167,apocalypse
168,apocalyptic
169,apologist
170,apologists
171,appal
172,appall
173,appalled
174,appalling
175,appallingly
176,apprehension
177,apprehensions
178,apprehensive
179,apprehensively
180,arbitrary
181,arcane
182,archaic
183,arduous
184,arduously
185,argumentative
186,arrogance
187,arrogant
188,arrogantly
189,ashamed
190,asinine
191,asininely
192,asinininity
193,askance
194,asperse
195,aspersion
196,aspersions
197,assail
198,assassin
199,assassinate
200,assault
201,assult
202,astray
203,asunder
204,atrocious
205,atrocities
206,atrocity
207,atrophy
208,attack
209,attacks
210,audacious
211,audaciously
212,audaciousness
213,audacity
214,audiciously
215,austere
216,authoritarian
217,autocrat
218,autocratic
219,avalanche
220,avarice
221,avaricious
222,avariciously
223,avenge
224,averse
225,aversion
226,aweful
227,awful
228,awfully
229,awfulness
230,awkward
231,awkwardness
232,ax
233,babble
234,back-logged
235,back-wood
236,back-woods
237,backache
238,backaches
239,backaching
240,backbite
241,backbiting
242,backward
243,backwardness
244,backwood
245,backwoods
246,bad
247,badly
248,baffle
249,baffled
250,bafflement
251,baffling
252,bait
253,balk
254,banal
255,banalize
256,bane
257,banish
258,banishment
259,bankrupt
260,barbarian
261,barbaric
262,barbarically
263,barbarity
264,barbarous
265,barbarously
266,barren
267,baseless
268,bash
269,bashed
270,bashful
271,bashing
272,bastard
273,bastards
274,battered
275,battering
276,batty
277,bearish
278,beastly
279,bedlam
280,bedlamite
281,befoul
282,beg
283,beggar
284,beggarly
285,begging
286,beguile
287,belabor
288,belated
289,beleaguer
290,belie
291,belittle
292,belittled
293,belittling
294,bellicose
295,belligerence
296,belligerent
297,belligerently
298,bemoan
299,bemoaning
300,bemused
301,bent
302,berate
303,bereave
304,bereavement
305,bereft
306,berserk
307,beseech
308,beset
309,besiege
310,besmirch
311,bestial
312,betray
313,betrayal
314,betrayals
315,betrayer
316,betraying
317,betrays
318,bewail
319,beware
320,bewilder
321,bewildered
322,bewildering
323,bewilderingly
324,bewilderment
325,bewitch
326,bias
327,biased
328,biases
329,bicker
330,bickering
331,bid-rigging
332,bigotries
333,bigotry
334,bitch
335,bitchy
336,biting
337,bitingly
338,bitter
339,bitterly
340,bitterness
341,bizarre
342,blab
343,blabber
344,blackmail
345,blah
346,blame
347,blameworthy
348,bland
349,blandish
350,blaspheme
351,blasphemous
352,blasphemy
353,blasted
354,blatant
355,blatantly
356,blather
357,bleak
358,bleakly
359,bleakness
360,bleed
361,bleeding
362,bleeds
363,blemish
364,blind
365,blinding
366,blindingly
367,blindside
368,blister
369,blistering
370,bloated
371,blockage
372,blockhead
373,bloodshed
374,bloodthirsty
375,bloody
376,blotchy
377,blow
378,blunder
379,blundering
380,blunders
381,blunt
382,blur
383,bluring
384,blurred
385,blurring
386,blurry
387,blurs
388,blurt
389,boastful
390,boggle
391,bogus
392,boil
393,boiling
394,boisterous
395,bomb
396,bombard
397,bombardment
398,bombastic
399,bondage
400,bonkers
401,bore
402,bored
403,boredom
404,bores
405,boring
406,botch
407,bother
408,bothered
409,bothering
410,bothers
411,bothersome
412,bowdlerize
413,boycott
414,braggart
415,bragger
416,brainless
417,brainwash
418,brash
419,brashly
420,brashness
421,brat
422,bravado
423,brazen
424,brazenly
425,brazenness
426,breach
427,break
428,break-up
429,break-ups
430,breakdown
431,breaking
432,breaks
433,breakup
434,breakups
435,bribery
436,brimstone
437,bristle
438,brittle
439,broke
440,broken
441,broken-hearted
442,brood
443,browbeat
444,bruise
445,bruised
446,bruises
447,bruising
448,brusque
449,brutal
450,brutalising
451,brutalities
452,brutality
453,brutalize
454,brutalizing
455,brutally
456,brute
457,brutish
458,bs
459,buckle
460,bug
461,bugging
462,buggy
463,bugs
464,bulkier
465,bulkiness
466,bulky
467,bulkyness
468,bull****
469,bull----
470,bullies
471,bullshit
472,bullshyt
473,bully
474,bullying
475,bullyingly
476,bum
477,bump
478,bumped
479,bumping
480,bumpping
481,bumps
482,bumpy
483,bungle
484,bungler
485,bungling
486,bunk
487,burden
488,burdensome
489,burdensomely
490,burn
491,burned
492,burning
493,burns
494,bust
495,busts
496,busybody
497,butcher
498,butchery
499,buzzing
500,byzantine
501,cackle
502,calamities
503,calamitous
504,calamitously
505,calamity
506,callous
507,calumniate
508,calumniation
509,calumnies
510,calumnious
511,calumniously
512,calumny
513,cancer
514,cancerous
515,cannibal
516,cannibalize
517,capitulate
518,capricious
519,capriciously
520,capriciousness
521,capsize
522,careless
523,carelessness
524,caricature
525,carnage
526,carp
527,cartoonish
528,cash-strapped
529,castigate
530,castrated
531,casualty
532,cataclysm
533,cataclysmal
534,cataclysmic
535,cataclysmically
536,catastrophe
537,catastrophes
538,catastrophic
539,catastrophically
540,catastrophies
541,caustic
542,caustically
543,cautionary
544,cave
545,censure
546,chafe
547,chaff
548,chagrin
549,challenging
550,chaos
551,chaotic
552,chasten
553,chastise
554,chastisement
555,chatter
556,chatterbox
557,cheap
558,cheapen
559,cheaply
560,cheat
561,cheated
562,cheater
563,cheating
564,cheats
565,checkered
566,cheerless
567,cheesy
568,chide
569,childish
570,chill
571,chilly
572,chintzy
573,choke
574,choleric
575,choppy
576,chore
577,chronic
578,chunky
579,clamor
580,clamorous
581,clash
582,cliche
583,cliched
584,clique
585,clog
586,clogged
587,clogs
588,cloud
589,clouding
590,cloudy
591,clueless
592,clumsy
593,clunky
594,coarse
595,cocky
596,coerce
597,coercion
598,coercive
599,cold
600,coldly
601,collapse
602,collude
603,collusion
604,combative
605,combust
606,comical
607,commiserate
608,commonplace
609,commotion
610,commotions
611,complacent
612,complain
613,complained
614,complaining
615,complains
616,complaint
617,complaints
618,complex
619,complicated
620,complication
621,complicit
622,compulsion
623,compulsive
624,concede
625,conceded
626,conceit
627,conceited
628,concen
629,concens
630,concern
631,concerned
632,concerns
633,concession
634,concessions
635,condemn
636,condemnable
637,condemnation
638,condemned
639,condemns
640,condescend
641,condescending
642,condescendingly
643,condescension
644,confess
645,confession
646,confessions
647,confined
648,conflict
649,conflicted
650,conflicting
651,conflicts
652,confound
653,confounded
654,confounding
655,confront
656,confrontation
657,confrontational
658,confuse
659,confused
660,confuses
661,confusing
662,confusion
663,confusions
664,congested
665,congestion
666,cons
667,conscons
668,conservative
669,conspicuous
670,conspicuously
671,conspiracies
672,conspiracy
673,conspirator
674,conspiratorial
675,conspire
676,consternation
677,contagious
678,contaminate
679,contaminated
680,contaminates
681,contaminating
682,contamination
683,contempt
684,contemptible
685,contemptuous
686,contemptuously
687,contend
688,contention
689,contentious
690,contort
691,contortions
692,contradict
693,contradiction
694,contradictory
695,contrariness
696,contravene
697,contrive
698,contrived
699,controversial
700,controversy
701,convoluted
702,corrode
703,corrosion
704,corrosions
705,corrosive
706,corrupt
707,corrupted
708,corrupting
709,corruption
710,corrupts
711,corruptted
712,costlier
713,costly
714,counter-productive
715,counterproductive
716,coupists
717,covetous
718,coward
719,cowardly
720,crabby
721,crack
722,cracked
723,cracks
724,craftily
725,craftly
726,crafty
727,cramp
728,cramped
729,cramping
730,cranky
731,crap
732,crappy
733,craps
734,crash
735,crashed
736,crashes
737,crashing
738,crass
739,craven
740,cravenly
741,craze
742,crazily
743,craziness
744,crazy
745,creak
746,creaking
747,creaks
748,credulous
749,creep
750,creeping
751,creeps
752,creepy
753,crept
754,crime
755,criminal
756,cringe
757,cringed
758,cringes
759,cripple
760,crippled
761,cripples
762,crippling
763,crisis
764,critic
765,critical
766,criticism
767,criticisms
768,criticize
769,criticized
770,criticizing
771,critics
772,cronyism
773,crook
774,crooked
775,crooks
776,crowded
777,crowdedness
778,crude
779,cruel
780,crueler
781,cruelest
782,cruelly
783,cruelness
784,cruelties
785,cruelty
786,crumble
787,crumbling
788,crummy
789,crumple
790,crumpled
791,crumples
792,crush
793,crushed
794,crushing
795,cry
796,culpable
797,culprit
798,cumbersome
799,cunt
800,cunts
801,cuplrit
802,curse
803,cursed
804,curses
805,curt
806,cuss
807,cussed
808,cutthroat
809,cynical
810,cynicism
811,d*mn
812,damage
813,damaged
814,damages
815,damaging
816,damn
817,damnable
818,damnably
819,damnation
820,damned
821,damning
822,damper
823,danger
824,dangerous
825,dangerousness
826,dark
827,darken
828,darkened
829,darker
830,darkness
831,dastard
832,dastardly
833,daunt
834,daunting
835,dauntingly
836,dawdle
837,daze
838,dazed
839,dead
840,deadbeat
841,deadlock
842,deadly
843,deadweight
844,deaf
845,dearth
846,death
847,debacle
848,debase
849,debasement
850,debaser
851,debatable
852,debauch
853,debaucher
854,debauchery
855,debilitate
856,debilitating
857,debility
858,debt
859,debts
860,decadence
861,decadent
862,decay
863,decayed
864,deceit
865,deceitful
866,deceitfully
867,deceitfulness
868,deceive
869,deceiver
870,deceivers
871,deceiving
872,deception
873,deceptive
874,deceptively
875,declaim
876,decline
877,declines
878,declining
879,decrement
880,decrepit
881,decrepitude
882,decry
883,defamation
884,defamations
885,defamatory
886,defame
887,defect
888,defective
889,defects
890,defensive
891,defiance
892,defiant
893,defiantly
894,deficiencies
895,deficiency
896,deficient
897,defile
898,defiler
899,deform
900,deformed
901,defrauding
902,defunct
903,defy
904,degenerate
905,degenerately
906,degeneration
907,degradation
908,degrade
909,degrading
910,degradingly
911,dehumanization
912,dehumanize
913,deign
914,deject
915,dejected
916,dejectedly
917,dejection
918,delay
919,delayed
920,delaying
921,delays
922,delinquency
923,delinquent
924,delirious
925,delirium
926,delude
927,deluded
928,deluge
929,delusion
930,delusional
931,delusions
932,demean
933,demeaning
934,demise
935,demolish
936,demolisher
937,demon
938,demonic
939,demonize
940,demonized
941,demonizes
942,demonizing
943,demoralize
944,demoralizing
945,demoralizingly
946,denial
947,denied
948,denies
949,denigrate
950,denounce
951,dense
952,dent
953,dented
954,dents
955,denunciate
956,denunciation
957,denunciations
958,deny
959,denying
960,deplete
961,deplorable
962,deplorably
963,deplore
964,deploring
965,deploringly
966,deprave
967,depraved
968,depravedly
969,deprecate
970,depress
971,depressed
972,depressing
973,depressingly
974,depression
975,depressions
976,deprive
977,deprived
978,deride
979,derision
980,derisive
981,derisively
982,derisiveness
983,derogatory
984,desecrate
985,desert
986,desertion
987,desiccate
988,desiccated
989,desititute
990,desolate
991,desolately
992,desolation
993,despair
994,despairing
995,despairingly
996,desperate
997,desperately
998,desperation
999,despicable
1000,despicably
1001,despise
1002,despised
1003,despoil
1004,despoiler
1005,despondence
1006,despondency
1007,despondent
1008,despondently
1009,despot
1010,despotic
1011,despotism
1012,destabilisation
1013,destains
1014,destitute
1015,destitution
1016,destroy
1017,destroyer
1018,destruction
1019,destructive
1020,desultory
1021,deter
1022,deteriorate
1023,deteriorating
1024,deterioration
1025,deterrent
1026,detest
1027,detestable
1028,detestably
1029,detested
1030,detesting
1031,detests
1032,detract
1033,detracted
1034,detracting
1035,detraction
1036,detracts
1037,detriment
1038,detrimental
1039,devastate
1040,devastated
1041,devastates
1042,devastating
1043,devastatingly
1044,devastation
1045,deviate
1046,deviation
1047,devil
1048,devilish
1049,devilishly
1050,devilment
1051,devilry
1052,devious
1053,deviously
1054,deviousness
1055,devoid
1056,diabolic
1057,diabolical
1058,diabolically
1059,diametrically
1060,diappointed
1061,diatribe
1062,diatribes
1063,dick
1064,dictator
1065,dictatorial
1066,die
1067,die-hard
1068,died
1069,dies
1070,difficult
1071,difficulties
1072,difficulty
1073,diffidence
1074,dilapidated
1075,dilemma
1076,dilly-dally
1077,dim
1078,dimmer
1079,din
1080,ding
1081,dings
1082,dinky
1083,dire
1084,direly
1085,direness
1086,dirt
1087,dirtbag
1088,dirtbags
1089,dirts
1090,dirty
1091,disable
1092,disabled
1093,disaccord
1094,disadvantage
1095,disadvantaged
1096,disadvantageous
1097,disadvantages
1098,disaffect
1099,disaffected
1100,disaffirm
1101,disagree
1102,disagreeable
1103,disagreeably
1104,disagreed
1105,disagreeing
1106,disagreement
1107,disagrees
1108,disallow
1109,disapointed
1110,disapointing
1111,disapointment
1112,disappoint
1113,disappointed
1114,disappointing
1115,disappointingly
1116,disappointment
1117,disappointments
1118,disappoints
1119,disapprobation
1120,disapproval
1121,disapprove
1122,disapproving
1123,disarm
1124,disarray
1125,disaster
1126,disasterous
1127,disastrous
1128,disastrously
1129,disavow
1130,disavowal
1131,disbelief
1132,disbelieve
1133,disbeliever
1134,disclaim
1135,discombobulate
1136,discomfit
1137,discomfititure
1138,discomfort
1139,discompose
1140,disconcert
1141,disconcerted
1142,disconcerting
1143,disconcertingly
1144,disconsolate
1145,disconsolately
1146,disconsolation
1147,discontent
1148,discontented
1149,discontentedly
1150,discontinued
1151,discontinuity
1152,discontinuous
1153,discord
1154,discordance
1155,discordant
1156,discountenance
1157,discourage
1158,discouragement
1159,discouraging
1160,discouragingly
1161,discourteous
1162,discourteously
1163,discoutinous
1164,discredit
1165,discrepant
1166,discriminate
1167,discrimination
1168,discriminatory
1169,disdain
1170,disdained
1171,disdainful
1172,disdainfully
1173,disfavor
1174,disgrace
1175,disgraced
1176,disgraceful
1177,disgracefully
1178,disgruntle
1179,disgruntled
1180,disgust
1181,disgusted
1182,disgustedly
1183,disgustful
1184,disgustfully
1185,disgusting
1186,disgustingly
1187,dishearten
1188,disheartening
1189,dishearteningly
1190,dishonest
1191,dishonestly
1192,dishonesty
1193,dishonor
1194,dishonorable
1195,dishonorablely
1196,disillusion
1197,disillusioned
1198,disillusionment
1199,disillusions
1200,disinclination
1201,disinclined
1202,disingenuous
1203,disingenuously
1204,disintegrate
1205,disintegrated
1206,disintegrates
1207,disintegration
1208,disinterest
1209,disinterested
1210,dislike
1211,disliked
1212,dislikes
1213,disliking
1214,dislocated
1215,disloyal
1216,disloyalty
1217,dismal
1218,dismally
1219,dismalness
1220,dismay
1221,dismayed
1222,dismaying
1223,dismayingly
1224,dismissive
1225,dismissively
1226,disobedience
1227,disobedient
1228,disobey
1229,disoobedient
1230,disorder
1231,disordered
1232,disorderly
1233,disorganized
1234,disorient
1235,disoriented
1236,disown
1237,disparage
1238,disparaging
1239,disparagingly
1240,dispensable
1241,dispirit
1242,dispirited
1243,dispiritedly
1244,dispiriting
1245,displace
1246,displaced
1247,displease
1248,displeased
1249,displeasing
1250,displeasure
1251,disproportionate
1252,disprove
1253,disputable
1254,dispute
1255,disputed
1256,disquiet
1257,disquieting
1258,disquietingly
1259,disquietude
1260,disregard
1261,disregardful
1262,disreputable
1263,disrepute
1264,disrespect
1265,disrespectable
1266,disrespectablity
1267,disrespectful
1268,disrespectfully
1269,disrespectfulness
1270,disrespecting
1271,disrupt
1272,disruption
1273,disruptive
1274,diss
1275,dissapointed
1276,dissappointed
1277,dissappointing
1278,dissatisfaction
1279,dissatisfactory
1280,dissatisfied
1281,dissatisfies
1282,dissatisfy
1283,dissatisfying
1284,dissed
1285,dissemble
1286,dissembler
1287,dissension
1288,dissent
1289,dissenter
1290,dissention
1291,disservice
1292,disses
1293,dissidence
1294,dissident
1295,dissidents
1296,dissing
1297,dissocial
1298,dissolute
1299,dissolution
1300,dissonance
1301,dissonant
1302,dissonantly
1303,dissuade
1304,dissuasive
1305,distains
1306,distaste
1307,distasteful
1308,distastefully
1309,distort
1310,distorted
1311,distortion
1312,distorts
1313,distract
1314,distracting
1315,distraction
1316,distraught
1317,distraughtly
1318,distraughtness
1319,distress
1320,distressed
1321,distressing
1322,distressingly
1323,distrust
1324,distrustful
1325,distrusting
1326,disturb
1327,disturbance
1328,disturbed
1329,disturbing
1330,disturbingly
1331,disunity
1332,disvalue
1333,divergent
1334,divisive
1335,divisively
1336,divisiveness
1337,dizzing
1338,dizzingly
1339,dizzy
1340,doddering
1341,dodgey
1342,dogged
1343,doggedly
1344,dogmatic
1345,doldrums
1346,domineer
1347,domineering
1348,donside
1349,doom
1350,doomed
1351,doomsday
1352,dope
1353,doubt
1354,doubtful
1355,doubtfully
1356,doubts
1357,douchbag
1358,douchebag
1359,douchebags
1360,downbeat
1361,downcast
1362,downer
1363,downfall
1364,downfallen
1365,downgrade
1366,downhearted
1367,downheartedly
1368,downhill
1369,downside
1370,downsides
1371,downturn
1372,downturns
1373,drab
1374,draconian
1375,draconic
1376,drag
1377,dragged
1378,dragging
1379,dragoon
1380,drags
1381,drain
1382,drained
1383,draining
1384,drains
1385,drastic
1386,drastically
1387,drawback
1388,drawbacks
1389,dread
1390,dreadful
1391,dreadfully
1392,dreadfulness
1393,dreary
1394,dripped
1395,dripping
1396,drippy
1397,drips
1398,drones
1399,droop
1400,droops
1401,drop-out
1402,drop-outs
1403,dropout
1404,dropouts
1405,drought
1406,drowning
1407,drunk
1408,drunkard
1409,drunken
1410,dubious
1411,dubiously
1412,dubitable
1413,dud
1414,dull
1415,dullard
1416,dumb
1417,dumbfound
1418,dump
1419,dumped
1420,dumping
1421,dumps
1422,dunce
1423,dungeon
1424,dungeons
1425,dupe
1426,dust
1427,dusty
1428,dwindling
1429,dying
1430,earsplitting
1431,eccentric
1432,eccentricity
1433,effigy
1434,effrontery
1435,egocentric
1436,egomania
1437,egotism
1438,egotistical
1439,egotistically
1440,egregious
1441,egregiously
1442,election-rigger
1443,elimination
1444,emaciated
1445,emasculate
1446,embarrass
1447,embarrassing
1448,embarrassingly
1449,embarrassment
1450,embattled
1451,embroil
1452,embroiled
1453,embroilment
1454,emergency
1455,emphatic
1456,emphatically
1457,emptiness
1458,encroach
1459,encroachment
1460,endanger
1461,enemies
1462,enemy
1463,enervate
1464,enfeeble
1465,enflame
1466,engulf
1467,enjoin
1468,enmity
1469,enrage
1470,enraged
1471,enraging
1472,enslave
1473,entangle
1474,entanglement
1475,entrap
1476,entrapment
1477,envious
1478,enviously
1479,enviousness
1480,epidemic
1481,equivocal
1482,erase
1483,erode
1484,erodes
1485,erosion
1486,err
1487,errant
1488,erratic
1489,erratically
1490,erroneous
1491,erroneously
1492,error
1493,errors
1494,eruptions
1495,escapade
1496,eschew
1497,estranged
1498,evade
1499,evasion
1500,evasive
1501,evil
1502,evildoer
1503,evils
1504,eviscerate
1505,exacerbate
1506,exagerate
1507,exagerated
1508,exagerates
1509,exaggerate
1510,exaggeration
1511,exasperate
1512,exasperated
1513,exasperating
1514,exasperatingly
1515,exasperation
1516,excessive
1517,excessively
1518,exclusion
1519,excoriate
1520,excruciating
1521,excruciatingly
1522,excuse
1523,excuses
1524,execrate
1525,exhaust
1526,exhausted
1527,exhaustion
1528,exhausts
1529,exhorbitant
1530,exhort
1531,exile
1532,exorbitant
1533,exorbitantance
1534,exorbitantly
1535,expel
1536,expensive
1537,expire
1538,expired
1539,explode
1540,exploit
1541,exploitation
1542,explosive
1543,expropriate
1544,expropriation
1545,expulse
1546,expunge
1547,exterminate
1548,extermination
1549,extinguish
1550,extort
1551,extortion
1552,extraneous
1553,extravagance
1554,extravagant
1555,extravagantly
1556,extremism
1557,extremist
1558,extremists
1559,eyesore
1560,f**k
1561,fabricate
1562,fabrication
1563,facetious
1564,facetiously
1565,fail
1566,failed
1567,failing
1568,fails
1569,failure
1570,failures
1571,faint
1572,fainthearted
1573,faithless
1574,fake
1575,fall
1576,fallacies
1577,fallacious
1578,fallaciously
1579,fallaciousness
1580,fallacy
1581,fallen
1582,falling
1583,fallout
1584,falls
1585,FALSE
1586,falsehood
1587,falsely
1588,falsify
1589,falter
1590,faltered
1591,famine
1592,famished
1593,fanatic
1594,fanatical
1595,fanatically
1596,fanaticism
1597,fanatics
1598,fanciful
1599,far-fetched
1600,farce
1601,farcical
1602,farcical-yet-provocative
1603,farcically
1604,farfetched
1605,fascism
1606,fascist
1607,fastidious
1608,fastidiously
1609,fastuous
1610,fat
1611,fat-cat
1612,fat-cats
1613,fatal
1614,fatalistic
1615,fatalistically
1616,fatally
1617,fatcat
1618,fatcats
1619,fateful
1620,fatefully
1621,fathomless
1622,fatigue
1623,fatigued
1624,fatique
1625,fatty
1626,fatuity
1627,fatuous
1628,fatuously
1629,fault
1630,faults
1631,faulty
1632,fawningly
1633,faze
1634,fear
1635,fearful
1636,fearfully
1637,fears
1638,fearsome
1639,feckless
1640,feeble
1641,feeblely
1642,feebleminded
1643,feign
1644,feint
1645,fell
1646,felon
1647,felonious
1648,ferociously
1649,ferocity
1650,fetid
1651,fever
1652,feverish
1653,fevers
1654,fiasco
1655,fib
1656,fibber
1657,fickle
1658,fiction
1659,fictional
1660,fictitious
1661,fidget
1662,fidgety
1663,fiend
1664,fiendish
1665,fierce
1666,figurehead
1667,filth
1668,filthy
1669,finagle
1670,finicky
1671,fissures
1672,fist
1673,flabbergast
1674,flabbergasted
1675,flagging
1676,flagrant
1677,flagrantly
1678,flair
1679,flairs
1680,flak
1681,flake
1682,flakey
1683,flakieness
1684,flaking
1685,flaky
1686,flare
1687,flares
1688,flareup
1689,flareups
1690,flat-out
1691,flaunt
1692,flaw
1693,flawed
1694,flaws
1695,flee
1696,fleed
1697,fleeing
1698,fleer
1699,flees
1700,fleeting
1701,flicering
1702,flicker
1703,flickering
1704,flickers
1705,flighty
1706,flimflam
1707,flimsy
1708,flirt
1709,flirty
1710,floored
1711,flounder
1712,floundering
1713,flout
1714,fluster
1715,foe
1716,fool
1717,fooled
1718,foolhardy
1719,foolish
1720,foolishly
1721,foolishness
1722,forbid
1723,forbidden
1724,forbidding
1725,forceful
1726,foreboding
1727,forebodingly
1728,forfeit
1729,forged
1730,forgetful
1731,forgetfully
1732,forgetfulness
1733,forlorn
1734,forlornly
1735,forsake
1736,forsaken
1737,forswear
1738,foul
1739,foully
1740,foulness
1741,fractious
1742,fractiously
1743,fracture
1744,fragile
1745,fragmented
1746,frail
1747,frantic
1748,frantically
1749,franticly
1750,fraud
1751,fraudulent
1752,fraught
1753,frazzle
1754,frazzled
1755,freak
1756,freaking
1757,freakish
1758,freakishly
1759,freaks
1760,freeze
1761,freezes
1762,freezing
1763,frenetic
1764,frenetically
1765,frenzied
1766,frenzy
1767,fret
1768,fretful
1769,frets
1770,friction
1771,frictions
1772,fried
1773,friggin
1774,frigging
1775,fright
1776,frighten
1777,frightening
1778,frighteningly
1779,frightful
1780,frightfully
1781,frigid
1782,frost
1783,frown
1784,froze
1785,frozen
1786,fruitless
1787,fruitlessly
1788,frustrate
1789,frustrated
1790,frustrates
1791,frustrating
1792,frustratingly
1793,frustration
1794,frustrations
1795,fuck
1796,fucking
1797,fudge
1798,fugitive
1799,full-blown
1800,fulminate
1801,fumble
1802,fume
1803,fumes
1804,fundamentalism
1805,funky
1806,funnily
1807,funny
1808,furious
1809,furiously
1810,furor
1811,fury
1812,fuss
1813,fussy
1814,fustigate
1815,fusty
1816,futile
1817,futilely
1818,futility
1819,fuzzy
1820,gabble
1821,gaff
1822,gaffe
1823,gainsay
1824,gainsayer
1825,gall
1826,galling
1827,gallingly
1828,galls
1829,gangster
1830,gape
1831,garbage
1832,garish
1833,gasp
1834,gauche
1835,gaudy
1836,gawk
1837,gawky
1838,geezer
1839,genocide
1840,get-rich
1841,ghastly
1842,ghetto
1843,ghosting
1844,gibber
1845,gibberish
1846,gibe
1847,giddy
1848,gimmick
1849,gimmicked
1850,gimmicking
1851,gimmicks
1852,gimmicky
1853,glare
1854,glaringly
1855,glib
1856,glibly
1857,glitch
1858,glitches
1859,gloatingly
1860,gloom
1861,gloomy
1862,glower
1863,glum
1864,glut
1865,gnawing
1866,goad
1867,goading
1868,god-awful
1869,goof
1870,goofy
1871,goon
1872,gossip
1873,graceless
1874,gracelessly
1875,graft
1876,grainy
1877,grapple
1878,grate
1879,grating
1880,gravely
1881,greasy
1882,greed
1883,greedy
1884,grief
1885,grievance
1886,grievances
1887,grieve
1888,grieving
1889,grievous
1890,grievously
1891,grim
1892,grimace
1893,grind
1894,gripe
1895,gripes
1896,grisly
1897,gritty
1898,gross
1899,grossly
1900,grotesque
1901,grouch
1902,grouchy
1903,groundless
1904,grouse
1905,growl
1906,grudge
1907,grudges
1908,grudging
1909,grudgingly
1910,gruesome
1911,gruesomely
1912,gruff
1913,grumble
1914,grumpier
1915,grumpiest
1916,grumpily
1917,grumpish
1918,grumpy
1919,guile
1920,guilt
1921,guiltily
1922,guilty
1923,gullible
1924,gutless
1925,gutter
1926,hack
1927,hacks
1928,haggard
1929,haggle
1930,hairloss
1931,halfhearted
1932,halfheartedly
1933,hallucinate
1934,hallucination
1935,hamper
1936,hampered
1937,handicapped
1938,hang
1939,hangs
1940,haphazard
1941,hapless
1942,harangue
1943,harass
1944,harassed
1945,harasses
1946,harassment
1947,harboring
1948,harbors
1949,hard
1950,hard-hit
1951,hard-line
1952,hard-liner
1953,hardball
1954,harden
1955,hardened
1956,hardheaded
1957,hardhearted
1958,hardliner
1959,hardliners
1960,hardship
1961,hardships
1962,harm
1963,harmed
1964,harmful
1965,harms
1966,harpy
1967,harridan
1968,harried
1969,harrow
1970,harsh
1971,harshly
1972,hasseling
1973,hassle
1974,hassled
1975,hassles
1976,haste
1977,hastily
1978,hasty
1979,hate
1980,hated
1981,hateful
1982,hatefully
1983,hatefulness
1984,hater
1985,haters
1986,hates
1987,hating
1988,hatred
1989,haughtily
1990,haughty
1991,haunt
1992,haunting
1993,havoc
1994,hawkish
1995,haywire
1996,hazard
1997,hazardous
1998,haze
1999,hazy
2000,head-aches
2001,headache
2002,headaches
2003,heartbreaker
2004,heartbreaking
2005,heartbreakingly
2006,heartless
2007,heathen
2008,heavy-handed
2009,heavyhearted
2010,heck
2011,heckle
2012,heckled
2013,heckles
2014,hectic
2015,hedge
2016,hedonistic
2017,heedless
2018,hefty
2019,hegemonism
2020,hegemonistic
2021,hegemony
2022,heinous
2023,hell
2024,hell-bent
2025,hellion
2026,hells
2027,helpless
2028,helplessly
2029,helplessness
2030,heresy
2031,heretic
2032,heretical
2033,hesitant
2034,hestitant
2035,hideous
2036,hideously
2037,hideousness
2038,high-priced
2039,hiliarious
2040,hinder
2041,hindrance
2042,hiss
2043,hissed
2044,hissing
2045,ho-hum
2046,hoard
2047,hoax
2048,hobble
2049,hogs
2050,hollow
2051,hoodium
2052,hoodwink
2053,hooligan
2054,hopeless
2055,hopelessly
2056,hopelessness
2057,horde
2058,horrendous
2059,horrendously
2060,horrible
2061,horrid
2062,horrific
2063,horrified
2064,horrifies
2065,horrify
2066,horrifying
2067,horrifys
2068,hostage
2069,hostile
2070,hostilities
2071,hostility
2072,hotbeds
2073,hothead
2074,hotheaded
2075,hothouse
2076,hubris
2077,huckster
2078,hum
2079,humid
2080,humiliate
2081,humiliating
2082,humiliation
2083,humming
2084,hung
2085,hurt
2086,hurted
2087,hurtful
2088,hurting
2089,hurts
2090,hustler
2091,hype
2092,hypocricy
2093,hypocrisy
2094,hypocrite
2095,hypocrites
2096,hypocritical
2097,hypocritically
2098,hysteria
2099,hysteric
2100,hysterical
2101,hysterically
2102,hysterics
2103,idiocies
2104,idiocy
2105,idiot
2106,idiotic
2107,idiotically
2108,idiots
2109,idle
2110,ignoble
2111,ignominious
2112,ignominiously
2113,ignominy
2114,ignorance
2115,ignorant
2116,ignore
2117,ill-advised
2118,ill-conceived
2119,ill-defined
2120,ill-designed
2121,ill-fated
2122,ill-favored
2123,ill-formed
2124,ill-mannered
2125,ill-natured
2126,ill-sorted
2127,ill-tempered
2128,ill-treated
2129,ill-treatment
2130,ill-usage
2131,ill-used
2132,illegal
2133,illegally
2134,illegitimate
2135,illicit
2136,illiterate
2137,illness
2138,illogic
2139,illogical
2140,illogically
2141,illusion
2142,illusions
2143,illusory
2144,imaginary
2145,imbalance
2146,imbecile
2147,imbroglio
2148,immaterial
2149,immature
2150,imminence
2151,imminently
2152,immobilized
2153,immoderate
2154,immoderately
2155,immodest
2156,immoral
2157,immorality
2158,immorally
2159,immovable
2160,impair
2161,impaired
2162,impasse
2163,impatience
2164,impatient
2165,impatiently
2166,impeach
2167,impedance
2168,impede
2169,impediment
2170,impending
2171,impenitent
2172,imperfect
2173,imperfection
2174,imperfections
2175,imperfectly
2176,imperialist
2177,imperil
2178,imperious
2179,imperiously
2180,impermissible
2181,impersonal
2182,impertinent
2183,impetuous
2184,impetuously
2185,impiety
2186,impinge
2187,impious
2188,implacable
2189,implausible
2190,implausibly
2191,implicate
2192,implication
2193,implode
2194,impolite
2195,impolitely
2196,impolitic
2197,importunate
2198,importune
2199,impose
2200,imposers
2201,imposing
2202,imposition
2203,impossible
2204,impossiblity
2205,impossibly
2206,impotent
2207,impoverish
2208,impoverished
2209,impractical
2210,imprecate
2211,imprecise
2212,imprecisely
2213,imprecision
2214,imprison
2215,imprisonment
2216,improbability
2217,improbable
2218,improbably
2219,improper
2220,improperly
2221,impropriety
2222,imprudence
2223,imprudent
2224,impudence
2225,impudent
2226,impudently
2227,impugn
2228,impulsive
2229,impulsively
2230,impunity
2231,impure
2232,impurity
2233,inability
2234,inaccuracies
2235,inaccuracy
2236,inaccurate
2237,inaccurately
2238,inaction
2239,inactive
2240,inadequacy
2241,inadequate
2242,inadequately
2243,inadverent
2244,inadverently
2245,inadvisable
2246,inadvisably
2247,inane
2248,inanely
2249,inappropriate
2250,inappropriately
2251,inapt
2252,inaptitude
2253,inarticulate
2254,inattentive
2255,inaudible
2256,incapable
2257,incapably
2258,incautious
2259,incendiary
2260,incense
2261,incessant
2262,incessantly
2263,incite
2264,incitement
2265,incivility
2266,inclement
2267,incognizant
2268,incoherence
2269,incoherent
2270,incoherently
2271,incommensurate
2272,incomparable
2273,incomparably
2274,incompatability
2275,incompatibility
2276,incompatible
2277,incompetence
2278,incompetent
2279,incompetently
2280,incomplete
2281,incompliant
2282,incomprehensible
2283,incomprehension
2284,inconceivable
2285,inconceivably
2286,incongruous
2287,incongruously
2288,inconsequent
2289,inconsequential
2290,inconsequentially
2291,inconsequently
2292,inconsiderate
2293,inconsiderately
2294,inconsistence
2295,inconsistencies
2296,inconsistency
2297,inconsistent
2298,inconsolable
2299,inconsolably
2300,inconstant
2301,inconvenience
2302,inconveniently
2303,incorrect
2304,incorrectly
2305,incorrigible
2306,incorrigibly
2307,incredulous
2308,incredulously
2309,inculcate
2310,indecency
2311,indecent
2312,indecently
2313,indecision
2314,indecisive
2315,indecisively
2316,indecorum
2317,indefensible
2318,indelicate
2319,indeterminable
2320,indeterminably
2321,indeterminate
2322,indifference
2323,indifferent
2324,indigent
2325,indignant
2326,indignantly
2327,indignation
2328,indignity
2329,indiscernible
2330,indiscreet
2331,indiscreetly
2332,indiscretion
2333,indiscriminate
2334,indiscriminately
2335,indiscriminating
2336,indistinguishable
2337,indoctrinate
2338,indoctrination
2339,indolent
2340,indulge
2341,ineffective
2342,ineffectively
2343,ineffectiveness
2344,ineffectual
2345,ineffectually
2346,ineffectualness
2347,inefficacious
2348,inefficacy
2349,inefficiency
2350,inefficient
2351,inefficiently
2352,inelegance
2353,inelegant
2354,ineligible
2355,ineloquent
2356,ineloquently
2357,inept
2358,ineptitude
2359,ineptly
2360,inequalities
2361,inequality
2362,inequitable
2363,inequitably
2364,inequities
2365,inescapable
2366,inescapably
2367,inessential
2368,inevitable
2369,inevitably
2370,inexcusable
2371,inexcusably
2372,inexorable
2373,inexorably
2374,inexperience
2375,inexperienced
2376,inexpert
2377,inexpertly
2378,inexpiable
2379,inexplainable
2380,inextricable
2381,inextricably
2382,infamous
2383,infamously
2384,infamy
2385,infected
2386,infection
2387,infections
2388,inferior
2389,inferiority
2390,infernal
2391,infest
2392,infested
2393,infidel
2394,infidels
2395,infiltrator
2396,infiltrators
2397,infirm
2398,inflame
2399,inflammation
2400,inflammatory
2401,inflammed
2402,inflated
2403,inflationary
2404,inflexible
2405,inflict
2406,infraction
2407,infringe
2408,infringement
2409,infringements
2410,infuriate
2411,infuriated
2412,infuriating
2413,infuriatingly
2414,inglorious
2415,ingrate
2416,ingratitude
2417,inhibit
2418,inhibition
2419,inhospitable
2420,inhospitality
2421,inhuman
2422,inhumane
2423,inhumanity
2424,inimical
2425,inimically
2426,iniquitous
2427,iniquity
2428,injudicious
2429,injure
2430,injurious
2431,injury
2432,injustice
2433,injustices
2434,innuendo
2435,inoperable
2436,inopportune
2437,inordinate
2438,inordinately
2439,insane
2440,insanely
2441,insanity
2442,insatiable
2443,insecure
2444,insecurity
2445,insensible
2446,insensitive
2447,insensitively
2448,insensitivity
2449,insidious
2450,insidiously
2451,insignificance
2452,insignificant
2453,insignificantly
2454,insincere
2455,insincerely
2456,insincerity
2457,insinuate
2458,insinuating
2459,insinuation
2460,insociable
2461,insolence
2462,insolent
2463,insolently
2464,insolvent
2465,insouciance
2466,instability
2467,instable
2468,instigate
2469,instigator
2470,instigators
2471,insubordinate
2472,insubstantial
2473,insubstantially
2474,insufferable
2475,insufferably
2476,insufficiency
2477,insufficient
2478,insufficiently
2479,insular
2480,insult
2481,insulted
2482,insulting
2483,insultingly
2484,insults
2485,insupportable
2486,insupportably
2487,insurmountable
2488,insurmountably
2489,insurrection
2490,intefere
2491,inteferes
2492,intense
2493,interfere
2494,interference
2495,interferes
2496,intermittent
2497,interrupt
2498,interruption
2499,interruptions
2500,intimidate
2501,intimidating
2502,intimidatingly
2503,intimidation
2504,intolerable
2505,intolerablely
2506,intolerance
2507,intoxicate
2508,intractable
2509,intransigence
2510,intransigent
2511,intrude
2512,intrusion
2513,intrusive
2514,inundate
2515,inundated
2516,invader
2517,invalid
2518,invalidate
2519,invalidity
2520,invasive
2521,invective
2522,inveigle
2523,invidious
2524,invidiously
2525,invidiousness
2526,invisible
2527,involuntarily
2528,involuntary
2529,irascible
2530,irate
2531,irately
2532,ire
2533,irk
2534,irked
2535,irking
2536,irks
2537,irksome
2538,irksomely
2539,irksomeness
2540,irksomenesses
2541,ironic
2542,ironical
2543,ironically
2544,ironies
2545,irony
2546,irragularity
2547,irrational
2548,irrationalities
2549,irrationality
2550,irrationally
2551,irrationals
2552,irreconcilable
2553,irrecoverable
2554,irrecoverableness
2555,irrecoverablenesses
2556,irrecoverably
2557,irredeemable
2558,irredeemably
2559,irreformable
2560,irregular
2561,irregularity
2562,irrelevance
2563,irrelevant
2564,irreparable
2565,irreplacible
2566,irrepressible
2567,irresolute
2568,irresolvable
2569,irresponsible
2570,irresponsibly
2571,irretating
2572,irretrievable
2573,irreversible
2574,irritable
2575,irritably
2576,irritant
2577,irritate
2578,irritated
2579,irritating
2580,irritation
2581,irritations
2582,isolate
2583,isolated
2584,isolation
2585,issue
2586,issues
2587,itch
2588,itching
2589,itchy
2590,jabber
2591,jaded
2592,jagged
2593,jam
2594,jarring
2595,jaundiced
2596,jealous
2597,jealously
2598,jealousness
2599,jealousy
2600,jeer
2601,jeering
2602,jeeringly
2603,jeers
2604,jeopardize
2605,jeopardy
2606,jerk
2607,jerky
2608,jitter
2609,jitters
2610,jittery
2611,job-killing
2612,jobless
2613,joke
2614,joker
2615,jolt
2616,judder
2617,juddering
2618,judders
2619,jumpy
2620,junk
2621,junky
2622,junkyard
2623,jutter
2624,jutters
2625,kaput
2626,kill
2627,killed
2628,killer
2629,killing
2630,killjoy
2631,kills
2632,knave
2633,knife
2634,knock
2635,knotted
2636,kook
2637,kooky
2638,lack
2639,lackadaisical
2640,lacked
2641,lackey
2642,lackeys
2643,lacking
2644,lackluster
2645,lacks
2646,laconic
2647,lag
2648,lagged
2649,lagging
2650,laggy
2651,lags
2652,laid-off
2653,lambast
2654,lambaste
2655,lame
2656,lame-duck
2657,lament
2658,lamentable
2659,lamentably
2660,languid
2661,languish
2662,languor
2663,languorous
2664,languorously
2665,lanky
2666,lapse
2667,lapsed
2668,lapses
2669,lascivious
2670,last-ditch
2671,latency
2672,laughable
2673,laughably
2674,laughingstock
2675,lawbreaker
2676,lawbreaking
2677,lawless
2678,lawlessness
2679,layoff
2680,layoff-happy
2681,lazy
2682,leak
2683,leakage
2684,leakages
2685,leaking
2686,leaks
2687,leaky
2688,lech
2689,lecher
2690,lecherous
2691,lechery
2692,leech
2693,leer
2694,leery
2695,left-leaning
2696,lemon
2697,lengthy
2698,less-developed
2699,lesser-known
2700,letch
2701,lethal
2702,lethargic
2703,lethargy
2704,lewd
2705,lewdly
2706,lewdness
2707,liability
2708,liable
2709,liar
2710,liars
2711,licentious
2712,licentiously
2713,licentiousness
2714,lie
2715,lied
2716,lier
2717,lies
2718,life-threatening
2719,lifeless
2720,limit
2721,limitation
2722,limitations
2723,limited
2724,limits
2725,limp
2726,listless
2727,litigious
2728,little-known
2729,livid
2730,lividly
2731,loath
2732,loathe
2733,loathing
2734,loathly
2735,loathsome
2736,loathsomely
2737,lone
2738,loneliness
2739,lonely
2740,loner
2741,lonesome
2742,long-time
2743,long-winded
2744,longing
2745,longingly
2746,loophole
2747,loopholes
2748,loose
2749,loot
2750,lorn
2751,lose
2752,loser
2753,losers
2754,loses
2755,losing
2756,loss
2757,losses
2758,lost
2759,loud
2760,louder
2761,lousy
2762,loveless
2763,lovelorn
2764,low-rated
2765,lowly
2766,ludicrous
2767,ludicrously
2768,lugubrious
2769,lukewarm
2770,lull
2771,lumpy
2772,lunatic
2773,lunaticism
2774,lurch
2775,lure
2776,lurid
2777,lurk
2778,lurking
2779,lying
2780,macabre
2781,mad
2782,madden
2783,maddening
2784,maddeningly
2785,madder
2786,madly
2787,madman
2788,madness
2789,maladjusted
2790,maladjustment
2791,malady
2792,malaise
2793,malcontent
2794,malcontented
2795,maledict
2796,malevolence
2797,malevolent
2798,malevolently
2799,malice
2800,malicious
2801,maliciously
2802,maliciousness
2803,malign
2804,malignant
2805,malodorous
2806,maltreatment
2807,mangle
2808,mangled
2809,mangles
2810,mangling
2811,mania
2812,maniac
2813,maniacal
2814,manic
2815,manipulate
2816,manipulation
2817,manipulative
2818,manipulators
2819,mar
2820,marginal
2821,marginally
2822,martyrdom
2823,martyrdom-seeking
2824,mashed
2825,massacre
2826,massacres
2827,matte
2828,mawkish
2829,mawkishly
2830,mawkishness
2831,meager
2832,meaningless
2833,meanness
2834,measly
2835,meddle
2836,meddlesome
2837,mediocre
2838,mediocrity
2839,melancholy
2840,melodramatic
2841,melodramatically
2842,meltdown
2843,menace
2844,menacing
2845,menacingly
2846,mendacious
2847,mendacity
2848,menial
2849,merciless
2850,mercilessly
2851,mess
2852,messed
2853,messes
2854,messing
2855,messy
2856,midget
2857,miff
2858,militancy
2859,mindless
2860,mindlessly
2861,mirage
2862,mire
2863,misalign
2864,misaligned
2865,misaligns
2866,misapprehend
2867,misbecome
2868,misbecoming
2869,misbegotten
2870,misbehave
2871,misbehavior
2872,miscalculate
2873,miscalculation
2874,miscellaneous
2875,mischief
2876,mischievous
2877,mischievously
2878,misconception
2879,misconceptions
2880,miscreant
2881,miscreants
2882,misdirection
2883,miser
2884,miserable
2885,miserableness
2886,miserably
2887,miseries
2888,miserly
2889,misery
2890,misfit
2891,misfortune
2892,misgiving
2893,misgivings
2894,misguidance
2895,misguide
2896,misguided
2897,mishandle
2898,mishap
2899,misinform
2900,misinformed
2901,misinterpret
2902,misjudge
2903,misjudgment
2904,mislead
2905,misleading
2906,misleadingly
2907,mislike
2908,mismanage
2909,mispronounce
2910,mispronounced
2911,mispronounces
2912,misread
2913,misreading
2914,misrepresent
2915,misrepresentation
2916,miss
2917,missed
2918,misses
2919,misstatement
2920,mist
2921,mistake
2922,mistaken
2923,mistakenly
2924,mistakes
2925,mistified
2926,mistress
2927,mistrust
2928,mistrustful
2929,mistrustfully
2930,mists
2931,misunderstand
2932,misunderstanding
2933,misunderstandings
2934,misunderstood
2935,misuse
2936,moan
2937,mobster
2938,mock
2939,mocked
2940,mockeries
2941,mockery
2942,mocking
2943,mockingly
2944,mocks
2945,molest
2946,molestation
2947,monotonous
2948,monotony
2949,monster
2950,monstrosities
2951,monstrosity
2952,monstrous
2953,monstrously
2954,moody
2955,moot
2956,mope
2957,morbid
2958,morbidly
2959,mordant
2960,mordantly
2961,moribund
2962,moron
2963,moronic
2964,morons
2965,mortification
2966,mortified
2967,mortify
2968,mortifying
2969,motionless
2970,motley
2971,mourn
2972,mourner
2973,mournful
2974,mournfully
2975,muddle
2976,muddy
2977,mudslinger
2978,mudslinging
2979,mulish
2980,multi-polarization
2981,mundane
2982,murder
2983,murderer
2984,murderous
2985,murderously
2986,murky
2987,muscle-flexing
2988,mushy
2989,musty
2990,mysterious
2991,mysteriously
2992,mystery
2993,mystify
2994,myth
2995,nag
2996,nagging
2997,naive
2998,naively
2999,narrower
3000,nastily
3001,nastiness
3002,nasty
3003,naughty
3004,nauseate
3005,nauseates
3006,nauseating
3007,nauseatingly
3008,naiive
3009,nebulous
3010,nebulously
3011,needless
3012,needlessly
3013,needy
3014,nefarious
3015,nefariously
3016,negate
3017,negation
3018,negative
3019,negatives
3020,negativity
3021,neglect
3022,neglected
3023,negligence
3024,negligent
3025,nemesis
3026,nepotism
3027,nervous
3028,nervously
3029,nervousness
3030,nettle
3031,nettlesome
3032,neurotic
3033,neurotically
3034,niggle
3035,niggles
3036,nightmare
3037,nightmarish
3038,nightmarishly
3039,nitpick
3040,nitpicking
3041,noise
3042,noises
3043,noisier
3044,noisy
3045,non-confidence
3046,nonexistent
3047,nonresponsive
3048,nonsense
3049,nosey
3050,notoriety
3051,notorious
3052,notoriously
3053,noxious
3054,nuisance
3055,numb
3056,obese
3057,object
3058,objection
3059,objectionable
3060,objections
3061,oblique
3062,obliterate
3063,obliterated
3064,oblivious
3065,obnoxious
3066,obnoxiously
3067,obscene
3068,obscenely
3069,obscenity
3070,obscure
3071,obscured
3072,obscures
3073,obscurity
3074,obsess
3075,obsessive
3076,obsessively
3077,obsessiveness
3078,obsolete
3079,obstacle
3080,obstinate
3081,obstinately
3082,obstruct
3083,obstructed
3084,obstructing
3085,obstruction
3086,obstructs
3087,obtrusive
3088,obtuse
3089,occlude
3090,occluded
3091,occludes
3092,occluding
3093,odd
3094,odder
3095,oddest
3096,oddities
3097,oddity
3098,oddly
3099,odor
3100,offence
3101,offend
3102,offender
3103,offending
3104,offenses
3105,offensive
3106,offensively
3107,offensiveness
3108,officious
3109,ominous
3110,ominously
3111,omission
3112,omit
3113,one-sided
3114,onerous
3115,onerously
3116,onslaught
3117,opinionated
3118,opponent
3119,opportunistic
3120,oppose
3121,opposition
3122,oppositions
3123,oppress
3124,oppression
3125,oppressive
3126,oppressively
3127,oppressiveness
3128,oppressors
3129,ordeal
3130,orphan
3131,ostracize
3132,outbreak
3133,outburst
3134,outbursts
3135,outcast
3136,outcry
3137,outlaw
3138,outmoded
3139,outrage
3140,outraged
3141,outrageous
3142,outrageously
3143,outrageousness
3144,outrages
3145,outsider
3146,over-acted
3147,over-awe
3148,over-balanced
3149,over-hyped
3150,over-priced
3151,over-valuation
3152,overact
3153,overacted
3154,overawe
3155,overbalance
3156,overbalanced
3157,overbearing
3158,overbearingly
3159,overblown
3160,overdo
3161,overdone
3162,overdue
3163,overemphasize
3164,overheat
3165,overkill
3166,overloaded
3167,overlook
3168,overpaid
3169,overpayed
3170,overplay
3171,overpower
3172,overpriced
3173,overrated
3174,overreach
3175,overrun
3176,overshadow
3177,oversight
3178,oversights
3179,oversimplification
3180,oversimplified
3181,oversimplify
3182,oversize
3183,overstate
3184,overstated
3185,overstatement
3186,overstatements
3187,overstates
3188,overtaxed
3189,overthrow
3190,overthrows
3191,overturn
3192,overweight
3193,overwhelm
3194,overwhelmed
3195,overwhelming
3196,overwhelmingly
3197,overwhelms
3198,overzealous
3199,overzealously
3200,overzelous
3201,pain
3202,painful
3203,painfull
3204,painfully
3205,pains
3206,pale
3207,pales
3208,paltry
3209,pan
3210,pandemonium
3211,pander
3212,pandering
3213,panders
3214,panic
3215,panick
3216,panicked
3217,panicking
3218,panicky
3219,paradoxical
3220,paradoxically
3221,paralize
3222,paralyzed
3223,paranoia
3224,paranoid
3225,parasite
3226,pariah
3227,parody
3228,partiality
3229,partisan
3230,partisans
3231,passe
3232,passive
3233,passiveness
3234,pathetic
3235,pathetically
3236,patronize
3237,paucity
3238,pauper
3239,paupers
3240,payback
3241,peculiar
3242,peculiarly
3243,pedantic
3244,peeled
3245,peeve
3246,peeved
3247,peevish
3248,peevishly
3249,penalize
3250,penalty
3251,perfidious
3252,perfidity
3253,perfunctory
3254,peril
3255,perilous
3256,perilously
3257,perish
3258,pernicious
3259,perplex
3260,perplexed
3261,perplexing
3262,perplexity
3263,persecute
3264,persecution
3265,pertinacious
3266,pertinaciously
3267,pertinacity
3268,perturb
3269,perturbed
3270,pervasive
3271,perverse
3272,perversely
3273,perversion
3274,perversity
3275,pervert
3276,perverted
3277,perverts
3278,pessimism
3279,pessimistic
3280,pessimistically
3281,pest
3282,pestilent
3283,petrified
3284,petrify
3285,pettifog
3286,petty
3287,phobia
3288,phobic
3289,phony
3290,picket
3291,picketed
3292,picketing
3293,pickets
3294,picky
3295,pig
3296,pigs
3297,pillage
3298,pillory
3299,pimple
3300,pinch
3301,pique
3302,pitiable
3303,pitiful
3304,pitifully
3305,pitiless
3306,pitilessly
3307,pittance
3308,pity
3309,plagiarize
3310,plague
3311,plasticky
3312,plaything
3313,plea
3314,pleas
3315,plebeian
3316,plight
3317,plot
3318,plotters
3319,ploy
3320,plunder
3321,plunderer
3322,pointless
3323,pointlessly
3324,poison
3325,poisonous
3326,poisonously
3327,pokey
3328,poky
3329,polarisation
3330,polemize
3331,pollute
3332,polluter
3333,polluters
3334,polution
3335,pompous
3336,poor
3337,poorer
3338,poorest
3339,poorly
3340,posturing
3341,pout
3342,poverty
3343,powerless
3344,prate
3345,pratfall
3346,prattle
3347,precarious
3348,precariously
3349,precipitate
3350,precipitous
3351,predatory
3352,predicament
3353,prejudge
3354,prejudice
3355,prejudices
3356,prejudicial
3357,premeditated
3358,preoccupy
3359,preposterous
3360,preposterously
3361,presumptuous
3362,presumptuously
3363,pretence
3364,pretend
3365,pretense
3366,pretentious
3367,pretentiously
3368,prevaricate
3369,pricey
3370,pricier
3371,prick
3372,prickle
3373,prickles
3374,prideful
3375,prik
3376,primitive
3377,prison
3378,prisoner
3379,problem
3380,problematic
3381,problems
3382,procrastinate
3383,procrastinates
3384,procrastination
3385,profane
3386,profanity
3387,prohibit
3388,prohibitive
3389,prohibitively
3390,propaganda
3391,propagandize
3392,proprietary
3393,prosecute
3394,protest
3395,protested
3396,protesting
3397,protests
3398,protracted
3399,provocation
3400,provocative
3401,provoke
3402,pry
3403,pugnacious
3404,pugnaciously
3405,pugnacity
3406,punch
3407,punish
3408,punishable
3409,punitive
3410,punk
3411,puny
3412,puppet
3413,puppets
3414,puzzled
3415,puzzlement
3416,puzzling
3417,quack
3418,qualm
3419,qualms
3420,quandary
3421,quarrel
3422,quarrellous
3423,quarrellously
3424,quarrels
3425,quarrelsome
3426,quash
3427,queer
3428,questionable
3429,quibble
3430,quibbles
3431,quitter
3432,rabid
3433,racism
3434,racist
3435,racists
3436,racy
3437,radical
3438,radicalization
3439,radically
3440,radicals
3441,rage
3442,ragged
3443,raging
3444,rail
3445,raked
3446,rampage
3447,rampant
3448,ramshackle
3449,rancor
3450,randomly
3451,rankle
3452,rant
3453,ranted
3454,ranting
3455,rantingly
3456,rants
3457,rape
3458,raped
3459,raping
3460,rascal
3461,rascals
3462,rash
3463,rattle
3464,rattled
3465,rattles
3466,ravage
3467,raving
3468,reactionary
3469,rebellious
3470,rebuff
3471,rebuke
3472,recalcitrant
3473,recant
3474,recession
3475,recessionary
3476,reckless
3477,recklessly
3478,recklessness
3479,recoil
3480,recourses
3481,redundancy
3482,redundant
3483,refusal
3484,refuse
3485,refused
3486,refuses
3487,refusing
3488,refutation
3489,refute
3490,refuted
3491,refutes
3492,refuting
3493,regress
3494,regression
3495,regressive
3496,regret
3497,regreted
3498,regretful
3499,regretfully
3500,regrets
3501,regrettable
3502,regrettably
3503,regretted
3504,reject
3505,rejected
3506,rejecting
3507,rejection
3508,rejects
3509,relapse
3510,relentless
3511,relentlessly
3512,relentlessness
3513,reluctance
3514,reluctant
3515,reluctantly
3516,remorse
3517,remorseful
3518,remorsefully
3519,remorseless
3520,remorselessly
3521,remorselessness
3522,renounce
3523,renunciation
3524,repel
3525,repetitive
3526,reprehensible
3527,reprehensibly
3528,reprehension
3529,reprehensive
3530,repress
3531,repression
3532,repressive
3533,reprimand
3534,reproach
3535,reproachful
3536,reprove
3537,reprovingly
3538,repudiate
3539,repudiation
3540,repugn
3541,repugnance
3542,repugnant
3543,repugnantly
3544,repulse
3545,repulsed
3546,repulsing
3547,repulsive
3548,repulsively
3549,repulsiveness
3550,resent
3551,resentful
3552,resentment
3553,resignation
3554,resigned
3555,resistance
3556,restless
3557,restlessness
3558,restrict
3559,restricted
3560,restriction
3561,restrictive
3562,resurgent
3563,retaliate
3564,retaliatory
3565,retard
3566,retarded
3567,retardedness
3568,retards
3569,reticent
3570,retract
3571,retreat
3572,retreated
3573,revenge
3574,revengeful
3575,revengefully
3576,revert
3577,revile
3578,reviled
3579,revoke
3580,revolt
3581,revolting
3582,revoltingly
3583,revulsion
3584,revulsive
3585,rhapsodize
3586,rhetoric
3587,rhetorical
3588,ricer
3589,ridicule
3590,ridicules
3591,ridiculous
3592,ridiculously
3593,rife
3594,rift
3595,rifts
3596,rigid
3597,rigidity
3598,rigidness
3599,rile
3600,riled
3601,rip
3602,rip-off
3603,ripoff
3604,ripped
3605,risk
3606,risks
3607,risky
3608,rival
3609,rivalry
3610,roadblocks
3611,rocky
3612,rogue
3613,rollercoaster
3614,rot
3615,rotten
3616,rough
3617,rremediable
3618,rubbish
3619,rude
3620,rue
3621,ruffian
3622,ruffle
3623,ruin
3624,ruined
3625,ruining
3626,ruinous
3627,ruins
3628,rumbling
3629,rumor
3630,rumors
3631,rumours
3632,rumple
3633,run-down
3634,runaway
3635,rupture
3636,rust
3637,rusts
3638,rusty
3639,rut
3640,ruthless
3641,ruthlessly
3642,ruthlessness
3643,ruts
3644,sabotage
3645,sack
3646,sacrificed
3647,sad
3648,sadden
3649,sadly
3650,sadness
3651,sag
3652,sagged
3653,sagging
3654,saggy
3655,sags
3656,salacious
3657,sanctimonious
3658,sap
3659,sarcasm
3660,sarcastic
3661,sarcastically
3662,sardonic
3663,sardonically
3664,sass
3665,satirical
3666,satirize
3667,savage
3668,savaged
3669,savagery
3670,savages
3671,scaly
3672,scam
3673,scams
3674,scandal
3675,scandalize
3676,scandalized
3677,scandalous
3678,scandalously
3679,scandals
3680,scandel
3681,scandels
3682,scant
3683,scapegoat
3684,scar
3685,scarce
3686,scarcely
3687,scarcity
3688,scare
3689,scared
3690,scarier
3691,scariest
3692,scarily
3693,scarred
3694,scars
3695,scary
3696,scathing
3697,scathingly
3698,sceptical
3699,scoff
3700,scoffingly
3701,scold
3702,scolded
3703,scolding
3704,scoldingly
3705,scorching
3706,scorchingly
3707,scorn
3708,scornful
3709,scornfully
3710,scoundrel
3711,scourge
3712,scowl
3713,scramble
3714,scrambled
3715,scrambles
3716,scrambling
3717,scrap
3718,scratch
3719,scratched
3720,scratches
3721,scratchy
3722,scream
3723,screech
3724,screw-up
3725,screwed
3726,screwed-up
3727,screwy
3728,scuff
3729,scuffs
3730,scum
3731,scummy
3732,second-class
3733,second-tier
3734,secretive
3735,sedentary
3736,seedy
3737,seethe
3738,seething
3739,self-coup
3740,self-criticism
3741,self-defeating
3742,self-destructive
3743,self-humiliation
3744,self-interest
3745,self-interested
3746,self-serving
3747,selfinterested
3748,selfish
3749,selfishly
3750,selfishness
3751,semi-retarded
3752,senile
3753,sensationalize
3754,senseless
3755,senselessly
3756,seriousness
3757,sermonize
3758,servitude
3759,set-up
3760,setback
3761,setbacks
3762,sever
3763,severe
3764,severity
3765,sh*t
3766,shabby
3767,shadowy
3768,shady
3769,shake
3770,shaky
3771,shallow
3772,sham
3773,shambles
3774,shame
3775,shameful
3776,shamefully
3777,shamefulness
3778,shameless
3779,shamelessly
3780,shamelessness
3781,shark
3782,sharply
3783,shatter
3784,shemale
3785,shimmer
3786,shimmy
3787,shipwreck
3788,shirk
3789,shirker
3790,shit
3791,shiver
3792,shock
3793,shocked
3794,shocking
3795,shockingly
3796,shoddy
3797,short-lived
3798,shortage
3799,shortchange
3800,shortcoming
3801,shortcomings
3802,shortness
3803,shortsighted
3804,shortsightedness
3805,showdown
3806,shrew
3807,shriek
3808,shrill
3809,shrilly
3810,shrivel
3811,shroud
3812,shrouded
3813,shrug
3814,shun
3815,shunned
3816,sick
3817,sicken
3818,sickening
3819,sickeningly
3820,sickly
3821,sickness
3822,sidetrack
3823,sidetracked
3824,siege
3825,sillily
3826,silly
3827,simplistic
3828,simplistically
3829,sin
3830,sinful
3831,sinfully
3832,sinister
3833,sinisterly
3834,sink
3835,sinking
3836,skeletons
3837,skeptic
3838,skeptical
3839,skeptically
3840,skepticism
3841,sketchy
3842,skimpy
3843,skinny
3844,skittish
3845,skittishly
3846,skulk
3847,slack
3848,slander
3849,slanderer
3850,slanderous
3851,slanderously
3852,slanders
3853,slap
3854,slashing
3855,slaughter
3856,slaughtered
3857,slave
3858,slaves
3859,sleazy
3860,slime
3861,slog
3862,slogged
3863,slogging
3864,slogs
3865,sloooooooooooooow
3866,sloooow
3867,slooow
3868,sloow
3869,sloppily
3870,sloppy
3871,sloth
3872,slothful
3873,slow
3874,slow-moving
3875,slowed
3876,slower
3877,slowest
3878,slowly
3879,sloww
3880,slowww
3881,slowwww
3882,slug
3883,sluggish
3884,slump
3885,slumping
3886,slumpping
3887,slur
3888,slut
3889,sluts
3890,sly
3891,smack
3892,smallish
3893,smash
3894,smear
3895,smell
3896,smelled
3897,smelling
3898,smells
3899,smelly
3900,smelt
3901,smoke
3902,smokescreen
3903,smolder
3904,smoldering
3905,smother
3906,smoulder
3907,smouldering
3908,smudge
3909,smudged
3910,smudges
3911,smudging
3912,smug
3913,smugly
3914,smut
3915,smuttier
3916,smuttiest
3917,smutty
3918,snag
3919,snagged
3920,snagging
3921,snags
3922,snappish
3923,snappishly
3924,snare
3925,snarky
3926,snarl
3927,sneak
3928,sneakily
3929,sneaky
3930,sneer
3931,sneering
3932,sneeringly
3933,snob
3934,snobbish
3935,snobby
3936,snobish
3937,snobs
3938,snub
3939,so-cal
3940,soapy
3941,sob
3942,sober
3943,sobering
3944,solemn
3945,solicitude
3946,somber
3947,sore
3948,sorely
3949,soreness
3950,sorrow
3951,sorrowful
3952,sorrowfully
3953,sorry
3954,sour
3955,sourly
3956,spade
3957,spank
3958,spendy
3959,spew
3960,spewed
3961,spewing
3962,spews
3963,spilling
3964,spinster
3965,spiritless
3966,spite
3967,spiteful
3968,spitefully
3969,spitefulness
3970,splatter
3971,split
3972,splitting
3973,spoil
3974,spoilage
3975,spoilages
3976,spoiled
3977,spoilled
3978,spoils
3979,spook
3980,spookier
3981,spookiest
3982,spookily
3983,spooky
3984,spoon-fed
3985,spoon-feed
3986,spoonfed
3987,sporadic
3988,spotty
3989,spurious
3990,spurn
3991,sputter
3992,squabble
3993,squabbling
3994,squander
3995,squash
3996,squeak
3997,squeaks
3998,squeaky
3999,squeal
4000,squealing
4001,squeals
4002,squirm
4003,stab
4004,stagnant
4005,stagnate
4006,stagnation
4007,staid
4008,stain
4009,stains
4010,stale
4011,stalemate
4012,stall
4013,stalls
4014,stammer
4015,stampede
4016,standstill
4017,stark
4018,starkly
4019,startle
4020,startling
4021,startlingly
4022,starvation
4023,starve
4024,static
4025,steal
4026,stealing
4027,steals
4028,steep
4029,steeply
4030,stench
4031,stereotype
4032,stereotypical
4033,stereotypically
4034,stern
4035,stew
4036,sticky
4037,stiff
4038,stiffness
4039,stifle
4040,stifling
4041,stiflingly
4042,stigma
4043,stigmatize
4044,sting
4045,stinging
4046,stingingly
4047,stingy
4048,stink
4049,stinks
4050,stodgy
4051,stole
4052,stolen
4053,stooge
4054,stooges
4055,stormy
4056,straggle
4057,straggler
4058,strain
4059,strained
4060,straining
4061,strange
4062,strangely
4063,stranger
4064,strangest
4065,strangle
4066,streaky
4067,strenuous
4068,stress
4069,stresses
4070,stressful
4071,stressfully
4072,stricken
4073,strict
4074,strictly
4075,strident
4076,stridently
4077,strife
4078,strike
4079,stringent
4080,stringently
4081,struck
4082,struggle
4083,struggled
4084,struggles
4085,struggling
4086,strut
4087,stubborn
4088,stubbornly
4089,stubbornness
4090,stuck
4091,stuffy
4092,stumble
4093,stumbled
4094,stumbles
4095,stump
4096,stumped
4097,stumps
4098,stun
4099,stunt
4100,stunted
4101,stupid
4102,stupidest
4103,stupidity
4104,stupidly
4105,stupified
4106,stupify
4107,stupor
4108,stutter
4109,stuttered
4110,stuttering
4111,stutters
4112,sty
4113,stymied
4114,sub-par
4115,subdued
4116,subjected
4117,subjection
4118,subjugate
4119,subjugation
4120,submissive
4121,subordinate
4122,subpoena
4123,subpoenas
4124,subservience
4125,subservient
4126,substandard
4127,subtract
4128,subversion
4129,subversive
4130,subversively
4131,subvert
4132,succumb
4133,suck
4134,sucked
4135,sucker
4136,sucks
4137,sucky
4138,sue
4139,sued
4140,sueing
4141,sues
4142,suffer
4143,suffered
4144,sufferer
4145,sufferers
4146,suffering
4147,suffers
4148,suffocate
4149,sugar-coat
4150,sugar-coated
4151,sugarcoated
4152,suicidal
4153,suicide
4154,sulk
4155,sullen
4156,sully
4157,sunder
4158,sunk
4159,sunken
4160,superficial
4161,superficiality
4162,superficially
4163,superfluous
4164,superstition
4165,superstitious
4166,suppress
4167,suppression
4168,surrender
4169,susceptible
4170,suspect
4171,suspicion
4172,suspicions
4173,suspicious
4174,suspiciously
4175,swagger
4176,swamped
4177,sweaty
4178,swelled
4179,swelling
4180,swindle
4181,swipe
4182,swollen
4183,symptom
4184,symptoms
4185,syndrome
4186,taboo
4187,tacky
4188,taint
4189,tainted
4190,tamper
4191,tangle
4192,tangled
4193,tangles
4194,tank
4195,tanked
4196,tanks
4197,tantrum
4198,tardy
4199,tarnish
4200,tarnished
4201,tarnishes
4202,tarnishing
4203,tattered
4204,taunt
4205,taunting
4206,tauntingly
4207,taunts
4208,taut
4209,tawdry
4210,taxing
4211,tease
4212,teasingly
4213,tedious
4214,tediously
4215,temerity
4216,temper
4217,tempest
4218,temptation
4219,tenderness
4220,tense
4221,tension
4222,tentative
4223,tentatively
4224,tenuous
4225,tenuously
4226,tepid
4227,terrible
4228,terribleness
4229,terribly
4230,terror
4231,terror-genic
4232,terrorism
4233,terrorize
4234,testily
4235,testy
4236,tetchily
4237,tetchy
4238,thankless
4239,thicker
4240,thirst
4241,thorny
4242,thoughtless
4243,thoughtlessly
4244,thoughtlessness
4245,thrash
4246,threat
4247,threaten
4248,threatening
4249,threats
4250,threesome
4251,throb
4252,throbbed
4253,throbbing
4254,throbs
4255,throttle
4256,thug
4257,thumb-down
4258,thumbs-down
4259,thwart
4260,time-consuming
4261,timid
4262,timidity
4263,timidly
4264,timidness
4265,tin-y
4266,tingled
4267,tingling
4268,tired
4269,tiresome
4270,tiring
4271,tiringly
4272,toil
4273,toll
4274,top-heavy
4275,topple
4276,torment
4277,tormented
4278,torrent
4279,tortuous
4280,torture
4281,tortured
4282,tortures
4283,torturing
4284,torturous
4285,torturously
4286,totalitarian
4287,touchy
4288,toughness
4289,tout
4290,touted
4291,touts
4292,toxic
4293,traduce
4294,tragedy
4295,tragic
4296,tragically
4297,traitor
4298,traitorous
4299,traitorously
4300,tramp
4301,trample
4302,transgress
4303,transgression
4304,trap
4305,traped
4306,trapped
4307,trash
4308,trashed
4309,trashy
4310,trauma
4311,traumatic
4312,traumatically
4313,traumatize
4314,traumatized
4315,travesties
4316,travesty
4317,treacherous
4318,treacherously
4319,treachery
4320,treason
4321,treasonous
4322,trick
4323,tricked
4324,trickery
4325,tricky
4326,trivial
4327,trivialize
4328,trouble
4329,troubled
4330,troublemaker
4331,troubles
4332,troublesome
4333,troublesomely
4334,troubling
4335,troublingly
4336,truant
4337,tumble
4338,tumbled
4339,tumbles
4340,tumultuous
4341,turbulent
4342,turmoil
4343,twist
4344,twisted
4345,twists
4346,two-faced
4347,two-faces
4348,tyrannical
4349,tyrannically
4350,tyranny
4351,tyrant
4352,ugh
4353,uglier
4354,ugliest
4355,ugliness
4356,ugly
4357,ulterior
4358,ultimatum
4359,ultimatums
4360,ultra-hardline
4361,un-viewable
4362,unable
4363,unacceptable
4364,unacceptablely
4365,unacceptably
4366,unaccessible
4367,unaccustomed
4368,unachievable
4369,unaffordable
4370,unappealing
4371,unattractive
4372,unauthentic
4373,unavailable
4374,unavoidably
4375,unbearable
4376,unbearablely
4377,unbelievable
4378,unbelievably
4379,uncaring
4380,uncertain
4381,uncivil
4382,uncivilized
4383,unclean
4384,unclear
4385,uncollectible
4386,uncomfortable
4387,uncomfortably
4388,uncomfy
4389,uncompetitive
4390,uncompromising
4391,uncompromisingly
4392,unconfirmed
4393,unconstitutional
4394,uncontrolled
4395,unconvincing
4396,unconvincingly
4397,uncooperative
4398,uncouth
4399,uncreative
4400,undecided
4401,undefined
4402,undependability
4403,undependable
4404,undercut
4405,undercuts
4406,undercutting
4407,underdog
4408,underestimate
4409,underlings
4410,undermine
4411,undermined
4412,undermines
4413,undermining
4414,underpaid
4415,underpowered
4416,undersized
4417,undesirable
4418,undetermined
4419,undid
4420,undignified
4421,undissolved
4422,undocumented
4423,undone
4424,undue
4425,unease
4426,uneasily
4427,uneasiness
4428,uneasy
4429,uneconomical
4430,unemployed
4431,unequal
4432,unethical
4433,uneven
4434,uneventful
4435,unexpected
4436,unexpectedly
4437,unexplained
4438,unfairly
4439,unfaithful
4440,unfaithfully
4441,unfamiliar
4442,unfavorable
4443,unfeeling
4444,unfinished
4445,unfit
4446,unforeseen
4447,unforgiving
4448,unfortunate
4449,unfortunately
4450,unfounded
4451,unfriendly
4452,unfulfilled
4453,unfunded
4454,ungovernable
4455,ungrateful
4456,unhappily
4457,unhappiness
4458,unhappy
4459,unhealthy
4460,unhelpful
4461,unilateralism
4462,unimaginable
4463,unimaginably
4464,unimportant
4465,uninformed
4466,uninsured
4467,unintelligible
4468,unintelligile
4469,unipolar
4470,unjust
4471,unjustifiable
4472,unjustifiably
4473,unjustified
4474,unjustly
4475,unkind
4476,unkindly
4477,unknown
4478,unlamentable
4479,unlamentably
4480,unlawful
4481,unlawfully
4482,unlawfulness
4483,unleash
4484,unlicensed
4485,unlikely
4486,unlucky
4487,unmoved
4488,unnatural
4489,unnaturally
4490,unnecessary
4491,unneeded
4492,unnerve
4493,unnerved
4494,unnerving
4495,unnervingly
4496,unnoticed
4497,unobserved
4498,unorthodox
4499,unorthodoxy
4500,unpleasant
4501,unpleasantries
4502,unpopular
4503,unpredictable
4504,unprepared
4505,unproductive
4506,unprofitable
4507,unprove
4508,unproved
4509,unproven
4510,unproves
4511,unproving
4512,unqualified
4513,unravel
4514,unraveled
4515,unreachable
4516,unreadable
4517,unrealistic
4518,unreasonable
4519,unreasonably
4520,unrelenting
4521,unrelentingly
4522,unreliability
4523,unreliable
4524,unresolved
4525,unresponsive
4526,unrest
4527,unruly
4528,unsafe
4529,unsatisfactory
4530,unsavory
4531,unscrupulous
4532,unscrupulously
4533,unsecure
4534,unseemly
4535,unsettle
4536,unsettled
4537,unsettling
4538,unsettlingly
4539,unskilled
4540,unsophisticated
4541,unsound
4542,unspeakable
4543,unspeakablely
4544,unspecified
4545,unstable
4546,unsteadily
4547,unsteadiness
4548,unsteady
4549,unsuccessful
4550,unsuccessfully
4551,unsupported
4552,unsupportive
4553,unsure
4554,unsuspecting
4555,unsustainable
4556,untenable
4557,untested
4558,unthinkable
4559,unthinkably
4560,untimely
4561,untouched
4562,untrue
4563,untrustworthy
4564,untruthful
4565,unusable
4566,unusably
4567,unuseable
4568,unuseably
4569,unusual
4570,unusually
4571,unviewable
4572,unwanted
4573,unwarranted
4574,unwatchable
4575,unwelcome
4576,unwell
4577,unwieldy
4578,unwilling
4579,unwillingly
4580,unwillingness
4581,unwise
4582,unwisely
4583,unworkable
4584,unworthy
4585,unyielding
4586,upbraid
4587,upheaval
4588,uprising
4589,uproar
4590,uproarious
4591,uproariously
4592,uproarous
4593,uproarously
4594,uproot
4595,upset
4596,upseting
4597,upsets
4598,upsetting
4599,upsettingly
4600,urgent
4601,useless
4602,usurp
4603,usurper
4604,utterly
4605,vagrant
4606,vague
4607,vagueness
4608,vain
4609,vainly
4610,vanity
4611,vehement
4612,vehemently
4613,vengeance
4614,vengeful
4615,vengefully
4616,vengefulness
4617,venom
4618,venomous
4619,venomously
4620,vent
4621,vestiges
4622,vex
4623,vexation
4624,vexing
4625,vexingly
4626,vibrate
4627,vibrated
4628,vibrates
4629,vibrating
4630,vibration
4631,vice
4632,vicious
4633,viciously
4634,viciousness
4635,victimize
4636,vile
4637,vileness
4638,vilify
4639,villainous
4640,villainously
4641,villains
4642,villian
4643,villianous
4644,villianously
4645,villify
4646,vindictive
4647,vindictively
4648,vindictiveness
4649,violate
4650,violation
4651,violator
4652,violators
4653,violent
4654,violently
4655,viper
4656,virulence
4657,virulent
4658,virulently
4659,virus
4660,vociferous
4661,vociferously
4662,volatile
4663,volatility
4664,vomit
4665,vomited
4666,vomiting
4667,vomits
4668,vulgar
4669,vulnerable
4670,wack
4671,wail
4672,wallow
4673,wane
4674,waning
4675,wanton
4676,war-like
4677,warily
4678,wariness
4679,warlike
4680,warned
4681,warning
4682,warp
4683,warped
4684,wary
4685,washed-out
4686,waste
4687,wasted
4688,wasteful
4689,wastefulness
4690,wasting
4691,water-down
4692,watered-down
4693,wayward
4694,weak
4695,weaken
4696,weakening
4697,weaker
4698,weakness
4699,weaknesses
4700,weariness
4701,wearisome
4702,weary
4703,wedge
4704,weed
4705,weep
4706,weird
4707,weirdly
4708,wheedle
4709,whimper
4710,whine
4711,whining
4712,whiny
4713,whips
4714,whore
4715,whores
4716,wicked
4717,wickedly
4718,wickedness
4719,wild
4720,wildly
4721,wiles
4722,wilt
4723,wily
4724,wimpy
4725,wince
4726,wobble
4727,wobbled
4728,wobbles
4729,woe
4730,woebegone
4731,woeful
4732,woefully
4733,womanizer
4734,womanizing
4735,worn
4736,worried
4737,worriedly
4738,worrier
4739,worries
4740,worrisome
4741,worry
4742,worrying
4743,worryingly
4744,worse
4745,worsen
4746,worsening
4747,worst
4748,worthless
4749,worthlessly
4750,worthlessness
4751,wound
4752,wounds
4753,wrangle
4754,wrath
4755,wreak
4756,wreaked
4757,wreaks
4758,wreck
4759,wrest
4760,wrestle
4761,wretch
4762,wretched
4763,wretchedly
4764,wretchedness
4765,wrinkle
4766,wrinkled
4767,wrinkles
4768,wrip
4769,wripped
4770,wripping
4771,writhe
4772,wrong
4773,wrongful
4774,wrongly
4775,wrought
4776,yawn
4777,zap
4778,zapped
4779,zaps
4780,zealot
4781,zealous
4782,zealously
4783,zombie