{
  "name": "iron-overlay-behavior",
  "version": "0.9.5",
  "description": "Provides a behavior for making an element an overlay",
  "private": true,
  "main": [
    "iron-overlay-behavior.html"
  ],
  "keywords": [
    "web-components",
    "polymer",
    "iron",
    "behavior",
    "overlay"
  ],
  "authors": [
    "The Polymer Authors"
  ],
  "repository": {
    "type": "git",
    "url": "git://github.com/PolymerElements/iron-overlay-behavior.git"
  },
  "dependencies": {
    "polymer": "Polymer/polymer#^0.9.0",
    "iron-fit-behavior": "PolymerElements/iron-fit-behavior#^0.9.0",
    "iron-resizable-behavior": "PolymerElements/iron-resizable-behavior#^0.9.0"
  },
  "devDependencies": {
    "iron-component-page": "PolymerElements/iron-component-page#^0.9.0",
    "iron-flex-layout": "PolymerElements/iron-flex-layout#^0.9.0",
    "iron-test-helpers": "PolymerElements/iron-test-helpers#^0.9.0",
    "test-fixture": "PolymerElements/test-fixture#^0.9.0",
    "web-component-tester": "*",
    "webcomponentsjs": "webcomponents/webcomponentsjs#^0.7.0"
  },
  "homepage": "https://github.com/PolymerElements/iron-overlay-behavior",
  "_release": "0.9.5",
  "_resolution": {
    "type": "version",
    "tag": "v0.9.5",
    "commit": "18a6b5c36b0ec3ffec7e4f7b7ef3d9cc01254335"
  },
  "_source": "git://github.com/PolymerElements/iron-overlay-behavior.git",
  "_target": "^0.9.0",
  "_originalSource": "PolymerElements/iron-overlay-behavior"
}