<configuration>
    
  <conversionRule conversionWord="coloredLevel" converterClass="play.api.Logger$ColoredLevel" />

  <appender name="STDOUT" class="ch.qos.logback.core.ConsoleAppender">
    <encoder>
      <pattern>%date{HH:mm:ss.SSS} %highlight(%5level) %cyan([%logger{10}]) %message%n%xException{short}</pattern>
    </encoder>
  </appender>

  <!--
    The logger name is typically the Java/Scala package name.
    This configures the log level to log at for a package and its children packages.
  -->
  <logger name="actors" level="INFO" />

  <root level="WARN">
    <appender-ref ref="STDOUT" />
  </root>

</configuration>
