<?xml version="1.0" encoding="UTF-8"?>
<configuration>
    <appender name="CONSOLE" class="ch.qos.logback.core.ConsoleAppender">
        <encoder>
            <pattern>%gray(%X{akkaTimestamp}) %highlight(%-5level) %cyan(%X{akkaSource}) - %msg%n</pattern>
        </encoder>
    </appender>

    <root level="DEBUG">
        <appender-ref ref="CONSOLE"/>
    </root>
    <logger name="scala.slick" level="INFO"/>
    <logger name="scala.slick.jdbc.JdbcBackend.statement" level="DEBUG"/>
    <logger name="eventstore.tcp" level="INFO"/>
</configuration>