<configuration>

    <appender name="console" class="ch.qos.logback.core.ConsoleAppender">
        <encoder>
            <pattern>%gray(%X{akkaTimestamp}) %highlight(%-5level) %cyan(%X{akkaSource}) - %msg%n</pattern>
        </encoder>
    </appender>


    <logger name="Remoting" level="off"/>
    <logger name="akka.remote.EndpointWriter" level="off"/>
    <logger name="akka.cluster.ClusterHeartbeatSender" level="off"/>

    <root level="info">
        <appender-ref ref="console"/>
    </root>

</configuration>