<iw:iwidget id="com.example.iwidget.my.widget" iScope="com.example.iwidget.my.widget"
            xmlns:iw="http://www.ibm.com/xmlns/prod/iWidget"
            supportedModes="view edit fullpage" lang="en">

    <iw:event id="edit" handled="true" onEvent="onEdit"/>
    <iw:event id="onRefreshNeeded" handled="true" onEvent="onRefresh"/>

    <!-- what do these do? Are they useful? Can they be re-used as libraries? -->
    <iw:resource uri="./proxy/com.appfusions.ibm.connections.proxy.js?v128" />
    <iw:resource uri="./proxy/iwidget-proxy.js?v128" />

    <iw:itemSet id="attributes">
        <iw:item id="root" value="/"/>
    </iw:itemSet>

    <iw:content mode="view"></iw:content>
</iw:iwidget>
