{
  "name": "paper-ripple",
  "version": "0.9.3",
  "description": "Adds a material design ripple to any container",
  "private": true,
  "authors": [
    "The Polymer Authors"
  ],
  "keywords": [
    "web-components",
    "polymer",
    "ripple"
  ],
  "main": "paper-ripple.html",
  "dependencies": {
    "polymer": "Polymer/polymer#^0.9.0"
  },
  "devDependencies": {
    "iron-component-page": "polymerelements/iron-component-page#^0.9.0",
    "iron-icon": "polymerelements/iron-icon#^0.9.0",
    "iron-icons": "polymerelements/iron-icons#^0.9.0",
    "paper-styles": "polymerelements/paper-styles#^0.9.0",
    "test-fixture": "polymerelements/test-fixture#^0.9.0",
    "web-component-tester": "*",
    "webcomponentsjs": "webcomponents/webcomponentsjs#^0.7.0"
  },
  "homepage": "https://github.com/polymerelements/paper-ripple",
  "_release": "0.9.3",
  "_resolution": {
    "type": "version",
    "tag": "v0.9.3",
    "commit": "10cc4f308815884068732c3feb464ca1d99a0f61"
  },
  "_source": "git://github.com/polymerelements/paper-ripple.git",
  "_target": "^0.9.0",
  "_originalSource": "polymerelements/paper-ripple"
}