{
  "name": "paper-styles",
  "version": "0.9.5",
  "description": "Common (global) styles for Material Design elements.",
  "authors": [
    "The Polymer Authors"
  ],
  "keywords": [
    "web-component",
    "web-components",
    "polymer",
    "paper",
    "style"
  ],
  "main": "paper-styles.html",
  "license": "MIT",
  "homepage": "https://github.com/polymerelements/paper-styles/",
  "ignore": [
    "/.*",
    "/demo/"
  ],
  "dependencies": {
    "iron-flex-layout": "polymerelements/iron-flex-layout#^0.9.0",
    "polymer": "Polymer/polymer#^0.9.0"
  },
  "devDependencies": {
    "webcomponentsjs": "webcomponents/webcomponentsjs#^0.7.0"
  },
  "_release": "0.9.5",
  "_resolution": {
    "type": "version",
    "tag": "v0.9.5",
    "commit": "22d43ea6584e252da0a52d94b5d147251905eabd"
  },
  "_source": "git://github.com/PolymerElements/paper-styles.git",
  "_target": "^0.9.0",
  "_originalSource": "PolymerElements/paper-styles"
}