{
  "name": "iron-iconset-svg",
  "version": "0.9.2",
  "private": true,
  "authors": [
    "The Polymer Authors"
  ],
  "dependencies": {
    "polymer": "polymer/polymer#^0.9.0",
    "iron-meta": "polymerelements/iron-meta#^0.9.0"
  },
  "devDependencies": {
    "iron-component-page": "polymerelements/iron-component-page#^0.9.0",
    "iron-icon": "polymerelements/iron-icon#^0.9.0",
    "test-fixture": "polymerelements/test-fixture#^0.9.0",
    "webcomponentsjs": "webcomponents/webcomponentsjs#^0.7.0",
    "web-component-tester": "*"
  },
  "homepage": "https://github.com/polymerelements/iron-iconset-svg",
  "_release": "0.9.2",
  "_resolution": {
    "type": "version",
    "tag": "v0.9.2",
    "commit": "d71ff6a096eb4be434dff1a557e3a3262d3aa14a"
  },
  "_source": "git://github.com/polymerelements/iron-iconset-svg.git",
  "_target": "^0.9.0",
  "_originalSource": "polymerelements/iron-iconset-svg"
}