{
  "name": "paper-toast",
  "version": "0.9.2",
  "description": "A material design notification toast",
  "private": true,
  "authors": [
    "The Polymer Authors"
  ],
  "keywords": [
    "web-components",
    "polymer",
    "toast",
    "notification"
  ],
  "main": "paper-toast.html",
  "dependencies": {
    "paper-styles": "PolymerElements/paper-styles#^0.9.0",
    "polymer": "Polymer/polymer#^0.9.0"
  },
  "devDependencies": {
    "iron-component-page": "polymerelements/iron-component-page#^0.9.0",
    "paper-button": "polymerelements/paper-button#^0.9.0",
    "web-component-tester": "*",
    "webcomponentsjs": "webcomponents/webcomponentsjs#^0.7.0"
  },
  "homepage": "https://github.com/PolymerElements/paper-toast",
  "_release": "0.9.2",
  "_resolution": {
    "type": "version",
    "tag": "v0.9.2",
    "commit": "6e206d875c9fb99199282514e705a617a42c8eaf"
  },
  "_source": "git://github.com/PolymerElements/paper-toast.git",
  "_target": "~0.9",
  "_originalSource": "PolymerElements/paper-toast"
}