<?xml version="1.0" encoding="UTF-8"?>
<!DOCTYPE module PUBLIC "-//Google Inc.//DTD Google Web Toolkit 2.0.1//EN" "http://google-web-toolkit.googlecode.com/svn/tags/2.0.1/distro-source/core/src/gwt-module.dtd">
<module rename-to="simple">
	<inherits name="com.google.gwt.user.User" />

	<!-- Inherit the default GWT style sheet.  You can change       -->
	<!-- the theme of your GWT application by uncommenting          -->
	<!-- any one of the following lines.                            -->
	<inherits name='com.google.gwt.user.theme.standard.Standard' />
	<!-- <inherits name='com.google.gwt.user.theme.chrome.Chrome'/> -->
	<!-- <inherits name='com.google.gwt.user.theme.dark.Dark'/>     -->

	<!-- Other module inherits                                      -->
    <inherits name='App' />
    
	<!-- Specify the app entry point class.                         -->
	<entry-point class="gwt.simple.client.Simple"/>

	<!-- Specify the paths for translatable code                    -->
	<source path='client'/>
	<source path='shared'/>
</module>	