{
  "name": "iron-flex-layout",
  "version": "0.9.2",
  "private": true,
  "authors": [
    "The Polymer Authors"
  ],
  "dependencies": {
    "polymer": "Polymer/polymer#^0.9.0"
  },
  "devDependencies": {
    "webcomponentsjs": "webcomponents/webcomponentsjs#^0.7.0"
  },
  "homepage": "https://github.com/PolymerElements/iron-flex-layout",
  "_release": "0.9.2",
  "_resolution": {
    "type": "version",
    "tag": "v0.9.2",
    "commit": "e2a70aa1a19ef6433c87df50dac72d5e6e6b06aa"
  },
  "_source": "git://github.com/PolymerElements/iron-flex-layout.git",
  "_target": "^0.9.0",
  "_originalSource": "PolymerElements/iron-flex-layout"
}