{
  "name": "iron-ajax",
  "version": "0.9.6",
  "description": "Makes it easy to make ajax calls and parse the response",
  "private": true,
  "authors": [
    "The Polymer Authors"
  ],
  "keywords": [
    "web-components",
    "web-component",
    "polymer"
  ],
  "main": [
    "iron-ajax.html",
    "iron-request.html"
  ],
  "repository": {
    "type": "git",
    "url": "git://github.com/PolymerElements/iron-ajax.git"
  },
  "license": "MIT",
  "homepage": "https://github.com/PolymerElements/iron-ajax",
  "ignore": [],
  "dependencies": {
    "promise-polyfill": "polymerlabs/promise-polyfill#^0.9.0",
    "polymer": "Polymer/polymer#^0.9.0"
  },
  "devDependencies": {
    "iron-component-page": "polymerelements/iron-component-page#^0.9.0",
    "iron-flex-layout": "polymerelements/iron-flex-layout#^0.9.0",
    "iron-image": "polymerelements/iron-image#^0.9.0",
    "paper-styles": "polymerelements/paper-styles#^0.9.0",
    "test-fixture": "polymerelements/test-fixture#^0.9.0",
    "web-component-tester": "~2.2.3",
    "webcomponentsjs": "webcomponents/webcomponentsjs#^0.7.0"
  },
  "_release": "0.9.6",
  "_resolution": {
    "type": "version",
    "tag": "v0.9.6",
    "commit": "4cd9d012c11a96dfa805de3fbaf201b53df14a48"
  },
  "_source": "git://github.com/PolymerElements/iron-ajax.git",
  "_target": "~0.9",
  "_originalSource": "PolymerElements/iron-ajax"
}