<?xml version="1.0" encoding="UTF-8"?>
<!-- http://logging.apache.org/log4j/2.x/manual/configuration.html#AutomaticReconfiguration -->
<Configuration monitorInterval="5">
    <Appenders>
        <Console name="Console" target="SYSTEM_OUT">
            <PatternLayout pattern="%d{HH:mm:ss.SSS} [%t] %-5level %logger{36} - %msg%n" />
        </Console>
        
        <!-- On linux systems the log folder is symlinked to /var/log/<yourapp>/ so this relative path works -->
        <File name="LogFile" fileName="logs/app.log">
            <PatternLayout>
                <Pattern>%d %p %c{1.} [%t] %m%n</Pattern>
            </PatternLayout>
        </File>
    </Appenders>

    <Loggers>
        <Root level="debug">
            <AppenderRef ref="Console" />
            <AppenderRef ref="LogFile" />
        </Root>
    </Loggers>
</Configuration>