{
  "name": "iron-autogrow-textarea",
  "version": "0.9.5",
  "description": "A textarea element that automatically grows with input",
  "authors": [
    "The Polymer Authors"
  ],
  "keywords": [
    "web-components",
    "polymer",
    "input",
    "textarea"
  ],
  "main": [
    "iron-autogrow-textarea.html"
  ],
  "private": true,
  "repository": {
    "type": "git",
    "url": "git://github.com/PolymerElements/iron-autogrow-textarea.git"
  },
  "license": "MIT",
  "homepage": "https://github.com/PolymerElements/iron-autogrow-textarea",
  "ignore": [],
  "dependencies": {
    "iron-flex-layout": "PolymerElements/iron-flex-layout#^0.9.0",
    "iron-validatable-behavior": "PolymerElements/iron-validatable-behavior#^0.9.0",
    "polymer": "Polymer/polymer#^0.9.0"
  },
  "devDependencies": {
    "iron-component-page": "PolymerElements/iron-component-page#^0.9.0",
    "test-fixture": "PolymerElements/test-fixture#^0.9.0",
    "web-component-tester": "Polymer/web-component-tester#^2.2.3",
    "paper-styles": "PolymerElements/paper-styles#^0.9.0",
    "webcomponentsjs": "webcomponents/webcomponentsjs#^0.7.0"
  },
  "_release": "0.9.5",
  "_resolution": {
    "type": "version",
    "tag": "v0.9.5",
    "commit": "fa977d760a5e6f3420f7aa8f25b221f0581a599d"
  },
  "_source": "git://github.com/PolymerElements/iron-autogrow-textarea.git",
  "_target": "^0.9.0",
  "_originalSource": "PolymerElements/iron-autogrow-textarea"
}