<?xml version="1.0" encoding="UTF-8"?>
<project xmlns="http://www.netbeans.org/ns/project/1">
    <type>org.netbeans.modules.ant.freeform</type>
    <configuration>
        <general-data xmlns="http://www.netbeans.org/ns/freeform-project/1">
            <name>E:\projects</name>
        </general-data>
        <general-data xmlns="http://www.netbeans.org/ns/freeform-project/2">
            <!-- Do not use Project Properties customizer when editing this file manually. -->
            <name>E:\projects</name>
            <properties>
                <property name="ant.script">C:\play-1.1\framework\build.xml</property>
                <property name="application.path">E:\projects\fbgraph</property>
                <property name="application.name">E:\projects</property>
            </properties>
            <folders>
                <source-folder>
                    <label>.</label>
                    <location>.</location>
                    <encoding>UTF-8</encoding>
                </source-folder>
                <source-folder>
                    <label>app</label>
                    <type>java</type>
                    <location>app</location>
                    <encoding>UTF-8</encoding>
                </source-folder>
                <source-folder>
                    <label>test</label>
                    <type>java</type>
                    <location>test</location>
                    <encoding>UTF-8</encoding>
                </source-folder>
            </folders>
            <ide-actions>
            	<action name="clean">
                    <script>${ant.script}</script>
                    <target>doNothing</target>
                    <property name="application.path">${application.path}</property>
                </action>
                <action name="build">
                    <script>${ant.script}</script>
                    <target>doNothing</target>
                    <property name="application.path">${application.path}</property>
                </action>
                <action name="rebuild">
                    <script>${ant.script}</script>
                    <target>doNothing</target>
                    <property name="application.path">${application.path}</property>
                </action>
                <action name="run">
                    <script>${ant.script}</script>
                    <target>nb-run-application</target>
                    <property name="application.path">${application.path}</property>
                </action>
                <action name="debug">
                    <script>${ant.script}</script>
                    <target>nb-debug</target>
                    <property name="application.name">${application.name}</property>
                    <property name="application.path">${application.path}</property>
                </action>
                <action name="test">
                    <script>${ant.script}</script>
                    <target>test-application</target>
                    <property name="application.path">${application.path}</property>
                </action>
            </ide-actions>
            <view>
                <items>
                    <source-folder style="packages">
                        <label>app</label>
                        <location>app</location>
                        <excludes>views/**</excludes>
                    </source-folder>
                    <source-folder style="tree">
                        <label>app/views</label>
                        <location>app/views</location>
                    </source-folder>
                    <source-folder style="tree">
                        <label>public</label>
                        <location>public</location>
                    </source-folder>
                    <source-folder style="tree">
                        <label>conf</label>
                        <location>conf</location>
                    </source-folder>
                    <source-folder style="packages">
                        <label>test</label>
                        <location>test</location>
                    </source-folder>   
                    <source-folder style="tree"><label>src</label><location>src</location></source-folder>                 
                </items>
                <context-menu>
                    <ide-action name="run"/>
                    <ide-action name="debug"/>
                    <ide-action name="test"/>
                </context-menu>
            </view>
            <subprojects/>
        </general-data>
        <java-data xmlns="http://www.netbeans.org/ns/freeform-project-java/2">
            <compilation-unit>
                <package-root>app</package-root>
                <package-root>test</package-root>
                
                <classpath mode="compile">E:\projects\fbgraph\conf;C:\play-1.1\framework\play.jar;E:\projects\fbgraph\lib\play-fbgraph.jar;E:\projects\fbgraph\lib\restfb-1.6.jar;C:\play-1.1\framework\lib\activation-1.1.1.jar;C:\play-1.1\framework\lib\antlr-2.7.6.jar;C:\play-1.1\framework\lib\async-http-client-1.2.0.jar;C:\play-1.1\framework\lib\bcprov-jdk15-145.jar;C:\play-1.1\framework\lib\c3p0-0.9.1.2.jar;C:\play-1.1\framework\lib\cglib-2.2.jar;C:\play-1.1\framework\lib\commons-beanutils-1.8.3.jar;C:\play-1.1\framework\lib\commons-codec-1.4.jar;C:\play-1.1\framework\lib\commons-collections-3.1.jar;C:\play-1.1\framework\lib\commons-email-1.2.jar;C:\play-1.1\framework\lib\commons-fileupload-1.2.jar;C:\play-1.1\framework\lib\commons-io-1.4.jar;C:\play-1.1\framework\lib\commons-lang-2.5.jar;C:\play-1.1\framework\lib\commons-logging-1.1.1.jar;C:\play-1.1\framework\lib\dom4j-1.6.1.jar;C:\play-1.1\framework\lib\ehcache-core-2.0.0.jar;C:\play-1.1\framework\lib\ezmorph-1.0.3.jar;C:\play-1.1\framework\lib\groovy-all-1.7.1.jar;C:\play-1.1\framework\lib\gson-1.4.jar;C:\play-1.1\framework\lib\hibernate-annotations-3.5.6-Final.jar;C:\play-1.1\framework\lib\hibernate-commons-annotations-3.2.0.Final.jar;C:\play-1.1\framework\lib\hibernate-core-3.5.6-Final-patched.jar;C:\play-1.1\framework\lib\hibernate-entitymanager-3.5.6-Final.jar;C:\play-1.1\framework\lib\hibernate-jpa-2.0-api-1.0.0.Final.jar;C:\play-1.1\framework\lib\hsqldb-1.8.1.2.jar;C:\play-1.1\framework\lib\jamon-2.7.jar;C:\play-1.1\framework\lib\javamail-1.4.3.jar;C:\play-1.1\framework\lib\javassist-3.9.0.GA.jar;C:\play-1.1\framework\lib\jaxen-1.1.jar;C:\play-1.1\framework\lib\jj-imaging.jar;C:\play-1.1\framework\lib\jj-simplecaptcha.jar;C:\play-1.1\framework\lib\jj-textile.jar;C:\play-1.1\framework\lib\jj-wikitext.jar;C:\play-1.1\framework\lib\jodatime-1.6.jar;C:\play-1.1\framework\lib\jregex-1.2_01.jar;C:\play-1.1\framework\lib\jsr107cache-1.0.jar;C:\play-1.1\framework\lib\jta-1.1.jar;C:\play-1.1\framework\lib\junit-4.8.1.jar;C:\play-1.1\framework\lib\log4j-1.2.15.jar;C:\play-1.1\framework\lib\memcached-2.4.2.jar;C:\play-1.1\framework\lib\mysql-connector-java-5.1.13-bin.jar;C:\play-1.1\framework\lib\netty-3.2.2.Final.jar;C:\play-1.1\framework\lib\org.eclipse.jdt.core_3.6.0.jar;C:\play-1.1\framework\lib\oval-1.50.jar;C:\play-1.1\framework\lib\provided-servlet-2.5.jar;C:\play-1.1\framework\lib\signpost-core-1.2.jar;C:\play-1.1\framework\lib\slf4j-api-1.6.1.jar;C:\play-1.1\framework\lib\slf4j-log4j12-1.6.1.jar;C:\play-1.1\framework\lib\snakeyaml-1.6.jar;nbproject\classes</classpath>
                <built-to>nbproject/classes</built-to>  
                <source-level>1.5</source-level>                 
            </compilation-unit>
        </java-data>
    </configuration>
</project>
