<?xml version="1.0" encoding="UTF-8"?>
<Module>
    <ModulePrefs title="My Gadget" title_url="http://www.appfusions.com" description="Example IBM Connections gadget."
                 author="AppFusions" author_email="" height="400" width="468" thumbnail="" screenshot=""
                 category="files" scaling="true">
        <Require feature="opensocial-0.9"/>
        <Require feature="osapi" />
        <Require feature="embedded-experiences" />
        <Require feature="oauthpopup" />
        <Require feature="dynamic-height" />
    </ModulePrefs>
    <Content type="html" view="embedded,default" href="assets/gadgets/my-gadget/views/my-gadget.html"></Content>
</Module>