{"created_at":"Sun Jun 28 13:57:39 +0000 2015","id":615157111778078700,"id_str":"615157111778078720","text":"'PHP is a minor evil perpetrated by incompetent amateurs. Perl is a great and insidious evil, by skilled but perverted pros'. ~Jon Ribbens","source":"<a href='http://twitter.com' rel='nofollow'>Twitter Web Client</a>","truncated":false,"in_reply_to_status_id":null,"in_reply_to_status_id_str":null,"in_reply_to_user_id":null,"in_reply_to_user_id_str":null,"in_reply_to_screen_name":null,"user":{"id":19902780,"id_str":"19902780","name":"Alexandre Masselot","screen_name":"alex_mass","location":"San Francisco","description":"","url":"http://t.co/kdImINdh39","entities":{"url":{"urls":[{"url":"http://t.co/kdImINdh39","expanded_url":"http://alexandre-masselot.blogspot.com/","display_url":"alexandre-masselot.blogspot.com","indices":[0,22]}]},"description":{"urls":[]}},"protected":false,"followers_count":25,"friends_count":43,"listed_count":2,"created_at":"Mon Feb 02 11:41:41 +0000 2009","favourites_count":242,"utc_offset":-25200,"time_zone":"Arizona","geo_enabled":false,"verified":false,"statuses_count":199,"lang":"en","contributors_enabled":false,"is_translator":false,"is_translation_enabled":false,"profile_background_color":"C0DEED","profile_background_image_url":"http://abs.twimg.com/images/themes/theme1/bg.png","profile_background_image_url_https":"https://abs.twimg.com/images/themes/theme1/bg.png","profile_background_tile":false,"profile_image_url":"http://pbs.twimg.com/profile_images/3055659063/149c03d1f505c6805eec6145e4430920_normal.jpeg","profile_image_url_https":"https://pbs.twimg.com/profile_images/3055659063/149c03d1f505c6805eec6145e4430920_normal.jpeg","profile_link_color":"0084B4","profile_sidebar_border_color":"C0DEED","profile_sidebar_fill_color":"DDEEF6","profile_text_color":"333333","profile_use_background_image":true,"has_extended_profile":false,"default_profile":true,"default_profile_image":false,"following":false,"follow_request_sent":false,"notifications":false},"geo":null,"coordinates":null,"place":null,"contributors":null,"is_quote_status":false,"retweet_count":0,"favorite_count":0,"entities":{"hashtags":[],"symbols":[],"user_mentions":[],"urls":[]},"favorited":false,"retweeted":false,"lang":"en"}
{"created_at":"Thu Jun 25 06:51:05 +0000 2015","id":613962600624357400,"id_str":"613962600624357376","text":"RT @ScalaRomandie: Akka &amp; Scala by @alex_mass \n@ScalaRomandie http://t.co/YAZjMIaKwE","source":"<a href='http://twitter.com' rel='nofollow'>Twitter Web Client</a>","truncated":false,"in_reply_to_status_id":null,"in_reply_to_status_id_str":null,"in_reply_to_user_id":null,"in_reply_to_user_id_str":null,"in_reply_to_screen_name":null,"user":{"id":19902780,"id_str":"19902780","name":"Alexandre Masselot","screen_name":"alex_mass","location":"San Francisco","description":"","url":"http://t.co/kdImINdh39","entities":{"url":{"urls":[{"url":"http://t.co/kdImINdh39","expanded_url":"http://alexandre-masselot.blogspot.com/","display_url":"alexandre-masselot.blogspot.com","indices":[0,22]}]},"description":{"urls":[]}},"protected":false,"followers_count":25,"friends_count":43,"listed_count":2,"created_at":"Mon Feb 02 11:41:41 +0000 2009","favourites_count":242,"utc_offset":-25200,"time_zone":"Arizona","geo_enabled":false,"verified":false,"statuses_count":199,"lang":"en","contributors_enabled":false,"is_translator":false,"is_translation_enabled":false,"profile_background_color":"C0DEED","profile_background_image_url":"http://abs.twimg.com/images/themes/theme1/bg.png","profile_background_image_url_https":"https://abs.twimg.com/images/themes/theme1/bg.png","profile_background_tile":false,"profile_image_url":"http://pbs.twimg.com/profile_images/3055659063/149c03d1f505c6805eec6145e4430920_normal.jpeg","profile_image_url_https":"https://pbs.twimg.com/profile_images/3055659063/149c03d1f505c6805eec6145e4430920_normal.jpeg","profile_link_color":"0084B4","profile_sidebar_border_color":"C0DEED","profile_sidebar_fill_color":"DDEEF6","profile_text_color":"333333","profile_use_background_image":true,"has_extended_profile":false,"default_profile":true,"default_profile_image":false,"following":false,"follow_request_sent":false,"notifications":false},"geo":null,"coordinates":null,"place":null,"contributors":null,"retweeted_status":{"created_at":"Wed Jun 24 17:22:45 +0000 2015","id":613759176846770200,"id_str":"613759176846770176","text":"Akka &amp; Scala by @alex_mass \n@ScalaRomandie http://t.co/YAZjMIaKwE","source":"<a href='http://tapbots.com/tweetbot' rel='nofollow'>Tweetbot for iΟS</a>","truncated":false,"in_reply_to_status_id":null,"in_reply_to_status_id_str":null,"in_reply_to_user_id":null,"in_reply_to_user_id_str":null,"in_reply_to_screen_name":null,"user":{"id":2360799289,"id_str":"2360799289","name":"ScalaRomandie","screen_name":"ScalaRomandie","location":"Geneva/Lausanne","description":"Scala Enthusiats in Suisse Romande","url":"http://t.co/QqkVVCxvhO","entities":{"url":{"urls":[{"url":"http://t.co/QqkVVCxvhO","expanded_url":"http://www.meetup.com/Scala-Romandie","display_url":"meetup.com/Scala-Romandie","indices":[0,22]}]},"description":{"urls":[]}},"protected":false,"followers_count":45,"friends_count":0,"listed_count":7,"created_at":"Tue Feb 25 09:14:03 +0000 2014","favourites_count":0,"utc_offset":7200,"time_zone":"Amsterdam","geo_enabled":true,"verified":false,"statuses_count":94,"lang":"fr","contributors_enabled":false,"is_translator":false,"is_translation_enabled":false,"profile_background_color":"C0DEED","profile_background_image_url":"http://abs.twimg.com/images/themes/theme1/bg.png","profile_background_image_url_https":"https://abs.twimg.com/images/themes/theme1/bg.png","profile_background_tile":false,"profile_image_url":"http://pbs.twimg.com/profile_images/438241982796689408/xV6rzG9H_normal.png","profile_image_url_https":"https://pbs.twimg.com/profile_images/438241982796689408/xV6rzG9H_normal.png","profile_link_color":"0084B4","profile_sidebar_border_color":"C0DEED","profile_sidebar_fill_color":"DDEEF6","profile_text_color":"333333","profile_use_background_image":true,"has_extended_profile":false,"default_profile":true,"default_profile_image":false,"following":false,"follow_request_sent":false,"notifications":false},"geo":null,"coordinates":null,"place":{"id":"c3a6437e1b1a726d","url":"https://api.twitter.com/1.1/geo/id/c3a6437e1b1a726d.json","place_type":"city","name":"Geneva","full_name":"Geneva, Switzerland","country_code":"CH","country":"Schweiz","contained_within":[],"bounding_box":{"type":"Polygon","coordinates":[[[6.11051,46.177632],[6.1757569,46.177632],[6.1757569,46.231879],[6.11051,46.231879]]]},"attributes":{}},"contributors":null,"is_quote_status":false,"retweet_count":2,"favorite_count":0,"entities":{"hashtags":[],"symbols":[],"user_mentions":[{"screen_name":"alex_mass","name":"Alexandre Masselot","id":19902780,"id_str":"19902780","indices":[20,30]},{"screen_name":"ScalaRomandie","name":"ScalaRomandie","id":2360799289,"id_str":"2360799289","indices":[32,46]}],"urls":[],"media":[{"id":613759173243764700,"id_str":"613759173243764737","indices":[47,69],"media_url":"http://pbs.twimg.com/media/CISCt1rVAAEwIUc.jpg","media_url_https":"https://pbs.twimg.com/media/CISCt1rVAAEwIUc.jpg","url":"http://t.co/YAZjMIaKwE","display_url":"pic.twitter.com/YAZjMIaKwE","expanded_url":"http://twitter.com/ScalaRomandie/status/613759176846770176/photo/1","type":"photo","sizes":{"small":{"w":340,"h":255,"resize":"fit"},"medium":{"w":600,"h":450,"resize":"fit"},"thumb":{"w":150,"h":150,"resize":"crop"},"large":{"w":1024,"h":768,"resize":"fit"}}}]},"extended_entities":{"media":[{"id":613759173243764700,"id_str":"613759173243764737","indices":[47,69],"media_url":"http://pbs.twimg.com/media/CISCt1rVAAEwIUc.jpg","media_url_https":"https://pbs.twimg.com/media/CISCt1rVAAEwIUc.jpg","url":"http://t.co/YAZjMIaKwE","display_url":"pic.twitter.com/YAZjMIaKwE","expanded_url":"http://twitter.com/ScalaRomandie/status/613759176846770176/photo/1","type":"photo","sizes":{"small":{"w":340,"h":255,"resize":"fit"},"medium":{"w":600,"h":450,"resize":"fit"},"thumb":{"w":150,"h":150,"resize":"crop"},"large":{"w":1024,"h":768,"resize":"fit"}}}]},"favorited":false,"retweeted":true,"possibly_sensitive":false,"lang":"in"},"is_quote_status":false,"retweet_count":2,"favorite_count":0,"entities":{"hashtags":[],"symbols":[],"user_mentions":[{"screen_name":"ScalaRomandie","name":"ScalaRomandie","id":2360799289,"id_str":"2360799289","indices":[3,17]},{"screen_name":"alex_mass","name":"Alexandre Masselot","id":19902780,"id_str":"19902780","indices":[39,49]},{"screen_name":"ScalaRomandie","name":"ScalaRomandie","id":2360799289,"id_str":"2360799289","indices":[51,65]}],"urls":[],"media":[{"id":613759173243764700,"id_str":"613759173243764737","indices":[66,88],"media_url":"http://pbs.twimg.com/media/CISCt1rVAAEwIUc.jpg","media_url_https":"https://pbs.twimg.com/media/CISCt1rVAAEwIUc.jpg","url":"http://t.co/YAZjMIaKwE","display_url":"pic.twitter.com/YAZjMIaKwE","expanded_url":"http://twitter.com/ScalaRomandie/status/613759176846770176/photo/1","type":"photo","sizes":{"small":{"w":340,"h":255,"resize":"fit"},"medium":{"w":600,"h":450,"resize":"fit"},"thumb":{"w":150,"h":150,"resize":"crop"},"large":{"w":1024,"h":768,"resize":"fit"}},"source_status_id":613759176846770200,"source_status_id_str":"613759176846770176","source_user_id":2360799289,"source_user_id_str":"2360799289"}]},"extended_entities":{"media":[{"id":613759173243764700,"id_str":"613759173243764737","indices":[66,88],"media_url":"http://pbs.twimg.com/media/CISCt1rVAAEwIUc.jpg","media_url_https":"https://pbs.twimg.com/media/CISCt1rVAAEwIUc.jpg","url":"http://t.co/YAZjMIaKwE","display_url":"pic.twitter.com/YAZjMIaKwE","expanded_url":"http://twitter.com/ScalaRomandie/status/613759176846770176/photo/1","type":"photo","sizes":{"small":{"w":340,"h":255,"resize":"fit"},"medium":{"w":600,"h":450,"resize":"fit"},"thumb":{"w":150,"h":150,"resize":"crop"},"large":{"w":1024,"h":768,"resize":"fit"}},"source_status_id":613759176846770200,"source_status_id_str":"613759176846770176","source_user_id":2360799289,"source_user_id_str":"2360799289"}]},"favorited":false,"retweeted":true,"possibly_sensitive":false,"lang":"in"}
{"created_at":"Wed Jun 24 06:06:09 +0000 2015","id":613588905661755400,"id_str":"613588905661755392","text":"Giving a talk 'Akka &amp; Scala:\ndistribution with no pain'', tonight at @ScalaRomandie meetup http://t.co/llDssQkhLV https://t.co/2qI7HcTllx","source":"<a href='http://twitter.com' rel='nofollow'>Twitter Web Client</a>","truncated":false,"in_reply_to_status_id":null,"in_reply_to_status_id_str":null,"in_reply_to_user_id":null,"in_reply_to_user_id_str":null,"in_reply_to_screen_name":null,"user":{"id":19902780,"id_str":"19902780","name":"Alexandre Masselot","screen_name":"alex_mass","location":"San Francisco","description":"","url":"http://t.co/kdImINdh39","entities":{"url":{"urls":[{"url":"http://t.co/kdImINdh39","expanded_url":"http://alexandre-masselot.blogspot.com/","display_url":"alexandre-masselot.blogspot.com","indices":[0,22]}]},"description":{"urls":[]}},"protected":false,"followers_count":25,"friends_count":43,"listed_count":2,"created_at":"Mon Feb 02 11:41:41 +0000 2009","favourites_count":242,"utc_offset":-25200,"time_zone":"Arizona","geo_enabled":false,"verified":false,"statuses_count":199,"lang":"en","contributors_enabled":false,"is_translator":false,"is_translation_enabled":false,"profile_background_color":"C0DEED","profile_background_image_url":"http://abs.twimg.com/images/themes/theme1/bg.png","profile_background_image_url_https":"https://abs.twimg.com/images/themes/theme1/bg.png","profile_background_tile":false,"profile_image_url":"http://pbs.twimg.com/profile_images/3055659063/149c03d1f505c6805eec6145e4430920_normal.jpeg","profile_image_url_https":"https://pbs.twimg.com/profile_images/3055659063/149c03d1f505c6805eec6145e4430920_normal.jpeg","profile_link_color":"0084B4","profile_sidebar_border_color":"C0DEED","profile_sidebar_fill_color":"DDEEF6","profile_text_color":"333333","profile_use_background_image":true,"has_extended_profile":false,"default_profile":true,"default_profile_image":false,"following":false,"follow_request_sent":false,"notifications":false},"geo":null,"coordinates":null,"place":null,"contributors":null,"is_quote_status":false,"retweet_count":2,"favorite_count":0,"entities":{"hashtags":[],"symbols":[],"user_mentions":[{"screen_name":"ScalaRomandie","name":"ScalaRomandie","id":2360799289,"id_str":"2360799289","indices":[72,86]}],"urls":[{"url":"http://t.co/llDssQkhLV","expanded_url":"http://www.meetup.com/Scala-Romandie/events/222812513/","display_url":"meetup.com/Scala-Romandie…","indices":[94,116]},{"url":"https://t.co/2qI7HcTllx","expanded_url":"https://github.com/alexmasselot/scala-romandie-akka-primes","display_url":"github.com/alexmasselot/s…","indices":[117,140]}]},"favorited":false,"retweeted":false,"possibly_sensitive":false,"lang":"en"}
{"created_at":"Wed Jun 10 10:12:37 +0000 2015","id":608577498327167000,"id_str":"608577498327166976","text":"FOAAS Fuck Off As A Service http://t.co/qJClPcev61","source":"<a href='http://twitter.com' rel='nofollow'>Twitter Web Client</a>","truncated":false,"in_reply_to_status_id":null,"in_reply_to_status_id_str":null,"in_reply_to_user_id":null,"in_reply_to_user_id_str":null,"in_reply_to_screen_name":null,"user":{"id":19902780,"id_str":"19902780","name":"Alexandre Masselot","screen_name":"alex_mass","location":"San Francisco","description":"","url":"http://t.co/kdImINdh39","entities":{"url":{"urls":[{"url":"http://t.co/kdImINdh39","expanded_url":"http://alexandre-masselot.blogspot.com/","display_url":"alexandre-masselot.blogspot.com","indices":[0,22]}]},"description":{"urls":[]}},"protected":false,"followers_count":25,"friends_count":43,"listed_count":2,"created_at":"Mon Feb 02 11:41:41 +0000 2009","favourites_count":242,"utc_offset":-25200,"time_zone":"Arizona","geo_enabled":false,"verified":false,"statuses_count":199,"lang":"en","contributors_enabled":false,"is_translator":false,"is_translation_enabled":false,"profile_background_color":"C0DEED","profile_background_image_url":"http://abs.twimg.com/images/themes/theme1/bg.png","profile_background_image_url_https":"https://abs.twimg.com/images/themes/theme1/bg.png","profile_background_tile":false,"profile_image_url":"http://pbs.twimg.com/profile_images/3055659063/149c03d1f505c6805eec6145e4430920_normal.jpeg","profile_image_url_https":"https://pbs.twimg.com/profile_images/3055659063/149c03d1f505c6805eec6145e4430920_normal.jpeg","profile_link_color":"0084B4","profile_sidebar_border_color":"C0DEED","profile_sidebar_fill_color":"DDEEF6","profile_text_color":"333333","profile_use_background_image":true,"has_extended_profile":false,"default_profile":true,"default_profile_image":false,"following":false,"follow_request_sent":false,"notifications":false},"geo":null,"coordinates":null,"place":null,"contributors":null,"is_quote_status":false,"retweet_count":0,"favorite_count":0,"entities":{"hashtags":[],"symbols":[],"user_mentions":[],"urls":[{"url":"http://t.co/qJClPcev61","expanded_url":"http://foaas.com/","display_url":"foaas.com","indices":[28,50]}]},"favorited":false,"retweeted":false,"possibly_sensitive":false,"lang":"en"}
