{"created_at":"Fri May 08 17:31:41 +0000 2015","id":596729196656857100,"id_str":"596729196656857088","text":"RT @typesafe: #Reactive Streams 1.0.0 is here! \n\n8 full implementations, incl. #AkkaStreams and #Slick3:\n\nhttp://t.co/KStWySqTOz http://t.c…","source":"<a href='http://twitter.com/download/android' rel='nofollow'>Twitter for Android</a>","truncated":false,"in_reply_to_status_id":null,"in_reply_to_status_id_str":null,"in_reply_to_user_id":null,"in_reply_to_user_id_str":null,"in_reply_to_screen_name":null,"user":{"id":19902780,"id_str":"19902780","name":"Alexandre Masselot","screen_name":"alex_mass","location":"San Francisco","description":"","url":"http://t.co/kdImINdh39","entities":{"url":{"urls":[{"url":"http://t.co/kdImINdh39","expanded_url":"http://alexandre-masselot.blogspot.com/","display_url":"alexandre-masselot.blogspot.com","indices":[0,22]}]},"description":{"urls":[]}},"protected":false,"followers_count":25,"friends_count":43,"listed_count":2,"created_at":"Mon Feb 02 11:41:41 +0000 2009","favourites_count":242,"utc_offset":-25200,"time_zone":"Arizona","geo_enabled":false,"verified":false,"statuses_count":199,"lang":"en","contributors_enabled":false,"is_translator":false,"is_translation_enabled":false,"profile_background_color":"C0DEED","profile_background_image_url":"http://abs.twimg.com/images/themes/theme1/bg.png","profile_background_image_url_https":"https://abs.twimg.com/images/themes/theme1/bg.png","profile_background_tile":false,"profile_image_url":"http://pbs.twimg.com/profile_images/3055659063/149c03d1f505c6805eec6145e4430920_normal.jpeg","profile_image_url_https":"https://pbs.twimg.com/profile_images/3055659063/149c03d1f505c6805eec6145e4430920_normal.jpeg","profile_link_color":"0084B4","profile_sidebar_border_color":"C0DEED","profile_sidebar_fill_color":"DDEEF6","profile_text_color":"333333","profile_use_background_image":true,"has_extended_profile":false,"default_profile":true,"default_profile_image":false,"following":false,"follow_request_sent":false,"notifications":false},"geo":null,"coordinates":null,"place":null,"contributors":null,"retweeted_status":{"created_at":"Thu May 07 10:13:04 +0000 2015","id":596256425355169800,"id_str":"596256425355169792","text":"#Reactive Streams 1.0.0 is here! \n\n8 full implementations, incl. #AkkaStreams and #Slick3:\n\nhttp://t.co/KStWySqTOz http://t.co/PcHd2cyk9E","source":"<a href='http://itunes.apple.com/us/app/twitter/id409789998?mt=12' rel='nofollow'>Twitter for Mac</a>","truncated":false,"in_reply_to_status_id":null,"in_reply_to_status_id_str":null,"in_reply_to_user_id":null,"in_reply_to_user_id_str":null,"in_reply_to_screen_name":null,"user":{"id":16602164,"id_str":"16602164","name":"Typesafe","screen_name":"typesafe","location":"","description":"Typesafe Reactive Platform is a production-grade JVM runtime & toolset for building Reactive Systems. Be successful: http://t.co/o1Bt6dQtgH","url":"http://t.co/bzGTwCmOGg","entities":{"url":{"urls":[{"url":"http://t.co/bzGTwCmOGg","expanded_url":"http://typesafe.com","display_url":"typesafe.com","indices":[0,22]}]},"description":{"urls":[{"url":"http://t.co/o1Bt6dQtgH","expanded_url":"http://www.typesafe.com/company/contact","display_url":"typesafe.com/company/contact","indices":[117,139]}]}},"protected":false,"followers_count":22465,"friends_count":177,"listed_count":817,"created_at":"Sun Oct 05 14:50:41 +0000 2008","favourites_count":866,"utc_offset":-25200,"time_zone":"Pacific Time (US & Canada)","geo_enabled":false,"verified":false,"statuses_count":3312,"lang":"en","contributors_enabled":false,"is_translator":false,"is_translation_enabled":false,"profile_background_color":"53CCEC","profile_background_image_url":"http://abs.twimg.com/images/themes/theme1/bg.png","profile_background_image_url_https":"https://abs.twimg.com/images/themes/theme1/bg.png","profile_background_tile":false,"profile_image_url":"http://pbs.twimg.com/profile_images/526790424048828416/b9QDtyl7_normal.png","profile_image_url_https":"https://pbs.twimg.com/profile_images/526790424048828416/b9QDtyl7_normal.png","profile_banner_url":"https://pbs.twimg.com/profile_banners/16602164/1422404674","profile_link_color":"0084B4","profile_sidebar_border_color":"FFFFFF","profile_sidebar_fill_color":"DDEEF6","profile_text_color":"333333","profile_use_background_image":false,"has_extended_profile":false,"default_profile":false,"default_profile_image":false,"following":true,"follow_request_sent":false,"notifications":false},"geo":null,"coordinates":null,"place":null,"contributors":null,"is_quote_status":false,"retweet_count":152,"favorite_count":109,"entities":{"hashtags":[{"text":"Reactive","indices":[0,9]},{"text":"AkkaStreams","indices":[65,77]},{"text":"Slick3","indices":[82,89]}],"symbols":[],"user_mentions":[],"urls":[{"url":"http://t.co/KStWySqTOz","expanded_url":"http://www.reactive-streams.org/announce-1.0.0","display_url":"reactive-streams.org/announce-1.0.0","indices":[92,114]}],"media":[{"id":596256424511975400,"id_str":"596256424511975424","indices":[115,137],"media_url":"http://pbs.twimg.com/media/CEZUDxoUsAARCzA.png","media_url_https":"https://pbs.twimg.com/media/CEZUDxoUsAARCzA.png","url":"http://t.co/PcHd2cyk9E","display_url":"pic.twitter.com/PcHd2cyk9E","expanded_url":"http://twitter.com/typesafe/status/596256425355169792/photo/1","type":"photo","sizes":{"thumb":{"w":150,"h":150,"resize":"crop"},"small":{"w":340,"h":181,"resize":"fit"},"medium":{"w":600,"h":320,"resize":"fit"},"large":{"w":757,"h":404,"resize":"fit"}}}]},"extended_entities":{"media":[{"id":596256424511975400,"id_str":"596256424511975424","indices":[115,137],"media_url":"http://pbs.twimg.com/media/CEZUDxoUsAARCzA.png","media_url_https":"https://pbs.twimg.com/media/CEZUDxoUsAARCzA.png","url":"http://t.co/PcHd2cyk9E","display_url":"pic.twitter.com/PcHd2cyk9E","expanded_url":"http://twitter.com/typesafe/status/596256425355169792/photo/1","type":"photo","sizes":{"thumb":{"w":150,"h":150,"resize":"crop"},"small":{"w":340,"h":181,"resize":"fit"},"medium":{"w":600,"h":320,"resize":"fit"},"large":{"w":757,"h":404,"resize":"fit"}}}]},"favorited":false,"retweeted":true,"possibly_sensitive":false,"lang":"en"},"is_quote_status":false,"retweet_count":152,"favorite_count":0,"entities":{"hashtags":[{"text":"Reactive","indices":[14,23]},{"text":"AkkaStreams","indices":[79,91]},{"text":"Slick3","indices":[96,103]}],"symbols":[],"user_mentions":[{"screen_name":"typesafe","name":"Typesafe","id":16602164,"id_str":"16602164","indices":[3,12]}],"urls":[{"url":"http://t.co/KStWySqTOz","expanded_url":"http://www.reactive-streams.org/announce-1.0.0","display_url":"reactive-streams.org/announce-1.0.0","indices":[106,128]}],"media":[{"id":596256424511975400,"id_str":"596256424511975424","indices":[139,140],"media_url":"http://pbs.twimg.com/media/CEZUDxoUsAARCzA.png","media_url_https":"https://pbs.twimg.com/media/CEZUDxoUsAARCzA.png","url":"http://t.co/PcHd2cyk9E","display_url":"pic.twitter.com/PcHd2cyk9E","expanded_url":"http://twitter.com/typesafe/status/596256425355169792/photo/1","type":"photo","sizes":{"thumb":{"w":150,"h":150,"resize":"crop"},"small":{"w":340,"h":181,"resize":"fit"},"medium":{"w":600,"h":320,"resize":"fit"},"large":{"w":757,"h":404,"resize":"fit"}},"source_status_id":596256425355169800,"source_status_id_str":"596256425355169792","source_user_id":16602164,"source_user_id_str":"16602164"}]},"extended_entities":{"media":[{"id":596256424511975400,"id_str":"596256424511975424","indices":[139,140],"media_url":"http://pbs.twimg.com/media/CEZUDxoUsAARCzA.png","media_url_https":"https://pbs.twimg.com/media/CEZUDxoUsAARCzA.png","url":"http://t.co/PcHd2cyk9E","display_url":"pic.twitter.com/PcHd2cyk9E","expanded_url":"http://twitter.com/typesafe/status/596256425355169792/photo/1","type":"photo","sizes":{"thumb":{"w":150,"h":150,"resize":"crop"},"small":{"w":340,"h":181,"resize":"fit"},"medium":{"w":600,"h":320,"resize":"fit"},"large":{"w":757,"h":404,"resize":"fit"}},"source_status_id":596256425355169800,"source_status_id_str":"596256425355169792","source_user_id":16602164,"source_user_id_str":"16602164"}]},"favorited":false,"retweeted":true,"possibly_sensitive":false,"lang":"en"}
{"created_at":"Wed Mar 18 13:55:19 +0000 2015","id":578192962032672800,"id_str":"578192962032672768","text":"'The longer you work on something, the more you don’t really want to know what the world is going to tell you' Astro Teller - Google X","source":"<a href='http://twitter.com' rel='nofollow'>Twitter Web Client</a>","truncated":false,"in_reply_to_status_id":null,"in_reply_to_status_id_str":null,"in_reply_to_user_id":null,"in_reply_to_user_id_str":null,"in_reply_to_screen_name":null,"user":{"id":19902780,"id_str":"19902780","name":"Alexandre Masselot","screen_name":"alex_mass","location":"San Francisco","description":"","url":"http://t.co/kdImINdh39","entities":{"url":{"urls":[{"url":"http://t.co/kdImINdh39","expanded_url":"http://alexandre-masselot.blogspot.com/","display_url":"alexandre-masselot.blogspot.com","indices":[0,22]}]},"description":{"urls":[]}},"protected":false,"followers_count":25,"friends_count":43,"listed_count":2,"created_at":"Mon Feb 02 11:41:41 +0000 2009","favourites_count":242,"utc_offset":-25200,"time_zone":"Arizona","geo_enabled":false,"verified":false,"statuses_count":199,"lang":"en","contributors_enabled":false,"is_translator":false,"is_translation_enabled":false,"profile_background_color":"C0DEED","profile_background_image_url":"http://abs.twimg.com/images/themes/theme1/bg.png","profile_background_image_url_https":"https://abs.twimg.com/images/themes/theme1/bg.png","profile_background_tile":false,"profile_image_url":"http://pbs.twimg.com/profile_images/3055659063/149c03d1f505c6805eec6145e4430920_normal.jpeg","profile_image_url_https":"https://pbs.twimg.com/profile_images/3055659063/149c03d1f505c6805eec6145e4430920_normal.jpeg","profile_link_color":"0084B4","profile_sidebar_border_color":"C0DEED","profile_sidebar_fill_color":"DDEEF6","profile_text_color":"333333","profile_use_background_image":true,"has_extended_profile":false,"default_profile":true,"default_profile_image":false,"following":false,"follow_request_sent":false,"notifications":false},"geo":null,"coordinates":null,"place":null,"contributors":null,"is_quote_status":false,"retweet_count":0,"favorite_count":0,"entities":{"hashtags":[],"symbols":[],"user_mentions":[],"urls":[]},"favorited":false,"retweeted":false,"lang":"en"}
{"created_at":"Wed Mar 04 11:42:17 +0000 2015","id":573086054149959700,"id_str":"573086054149959680","text":"RT @NativeSantaCruz: Magical times in Santa Cruz, a double rainbow touches down in the upper harbor http://t.co/hKF5FoIfph","source":"<a href='http://twitter.com/download/android' rel='nofollow'>Twitter for Android</a>","truncated":false,"in_reply_to_status_id":null,"in_reply_to_status_id_str":null,"in_reply_to_user_id":null,"in_reply_to_user_id_str":null,"in_reply_to_screen_name":null,"user":{"id":19902780,"id_str":"19902780","name":"Alexandre Masselot","screen_name":"alex_mass","location":"San Francisco","description":"","url":"http://t.co/kdImINdh39","entities":{"url":{"urls":[{"url":"http://t.co/kdImINdh39","expanded_url":"http://alexandre-masselot.blogspot.com/","display_url":"alexandre-masselot.blogspot.com","indices":[0,22]}]},"description":{"urls":[]}},"protected":false,"followers_count":25,"friends_count":43,"listed_count":2,"created_at":"Mon Feb 02 11:41:41 +0000 2009","favourites_count":242,"utc_offset":-25200,"time_zone":"Arizona","geo_enabled":false,"verified":false,"statuses_count":199,"lang":"en","contributors_enabled":false,"is_translator":false,"is_translation_enabled":false,"profile_background_color":"C0DEED","profile_background_image_url":"http://abs.twimg.com/images/themes/theme1/bg.png","profile_background_image_url_https":"https://abs.twimg.com/images/themes/theme1/bg.png","profile_background_tile":false,"profile_image_url":"http://pbs.twimg.com/profile_images/3055659063/149c03d1f505c6805eec6145e4430920_normal.jpeg","profile_image_url_https":"https://pbs.twimg.com/profile_images/3055659063/149c03d1f505c6805eec6145e4430920_normal.jpeg","profile_link_color":"0084B4","profile_sidebar_border_color":"C0DEED","profile_sidebar_fill_color":"DDEEF6","profile_text_color":"333333","profile_use_background_image":true,"has_extended_profile":false,"default_profile":true,"default_profile_image":false,"following":false,"follow_request_sent":false,"notifications":false},"geo":null,"coordinates":null,"place":null,"contributors":null,"retweeted_status":{"created_at":"Sun Mar 01 01:17:02 +0000 2015","id":571841539799834600,"id_str":"571841539799834624","text":"Magical times in Santa Cruz, a double rainbow touches down in the upper harbor http://t.co/hKF5FoIfph","source":"<a href='http://twitter.com/download/iphone' rel='nofollow'>Twitter for iPhone</a>","truncated":false,"in_reply_to_status_id":null,"in_reply_to_status_id_str":null,"in_reply_to_user_id":null,"in_reply_to_user_id_str":null,"in_reply_to_screen_name":null,"user":{"id":36702380,"id_str":"36702380","name":"Native Santa Cruz","screen_name":"NativeSantaCruz","location":"Santa Cruz, California","description":"Santa Cruz County ~ Uniquely beautiful and rich in character, like no where else there is... #AnotherDayinParadise","url":"http://t.co/xz5Z4UaMGJ","entities":{"url":{"urls":[{"url":"http://t.co/xz5Z4UaMGJ","expanded_url":"http://facebook.com/nativesantacruz","display_url":"facebook.com/nativesantacruz","indices":[0,22]}]},"description":{"urls":[]}},"protected":false,"followers_count":2192,"friends_count":702,"listed_count":72,"created_at":"Thu Apr 30 16:21:50 +0000 2009","favourites_count":3119,"utc_offset":-25200,"time_zone":"Pacific Time (US & Canada)","geo_enabled":false,"verified":false,"statuses_count":7973,"lang":"en","contributors_enabled":false,"is_translator":false,"is_translation_enabled":false,"profile_background_color":"C0DEED","profile_background_image_url":"http://abs.twimg.com/images/themes/theme1/bg.png","profile_background_image_url_https":"https://abs.twimg.com/images/themes/theme1/bg.png","profile_background_tile":false,"profile_image_url":"http://pbs.twimg.com/profile_images/553036362728108032/43055d_p_normal.jpeg","profile_image_url_https":"https://pbs.twimg.com/profile_images/553036362728108032/43055d_p_normal.jpeg","profile_banner_url":"https://pbs.twimg.com/profile_banners/36702380/1435935441","profile_link_color":"0084B4","profile_sidebar_border_color":"C0DEED","profile_sidebar_fill_color":"DDEEF6","profile_text_color":"333333","profile_use_background_image":true,"has_extended_profile":false,"default_profile":true,"default_profile_image":false,"following":false,"follow_request_sent":false,"notifications":false},"geo":null,"coordinates":null,"place":null,"contributors":null,"is_quote_status":false,"retweet_count":22,"favorite_count":34,"entities":{"hashtags":[],"symbols":[],"user_mentions":[],"urls":[],"media":[{"id":571841533911019500,"id_str":"571841533911019521","indices":[79,101],"media_url":"http://pbs.twimg.com/media/B--W2GiUsAEntAD.jpg","media_url_https":"https://pbs.twimg.com/media/B--W2GiUsAEntAD.jpg","url":"http://t.co/hKF5FoIfph","display_url":"pic.twitter.com/hKF5FoIfph","expanded_url":"http://twitter.com/NativeSantaCruz/status/571841539799834624/photo/1","type":"photo","sizes":{"large":{"w":1024,"h":804,"resize":"fit"},"medium":{"w":600,"h":471,"resize":"fit"},"thumb":{"w":150,"h":150,"resize":"crop"},"small":{"w":340,"h":266,"resize":"fit"}}}]},"extended_entities":{"media":[{"id":571841533911019500,"id_str":"571841533911019521","indices":[79,101],"media_url":"http://pbs.twimg.com/media/B--W2GiUsAEntAD.jpg","media_url_https":"https://pbs.twimg.com/media/B--W2GiUsAEntAD.jpg","url":"http://t.co/hKF5FoIfph","display_url":"pic.twitter.com/hKF5FoIfph","expanded_url":"http://twitter.com/NativeSantaCruz/status/571841539799834624/photo/1","type":"photo","sizes":{"large":{"w":1024,"h":804,"resize":"fit"},"medium":{"w":600,"h":471,"resize":"fit"},"thumb":{"w":150,"h":150,"resize":"crop"},"small":{"w":340,"h":266,"resize":"fit"}}}]},"favorited":false,"retweeted":true,"possibly_sensitive":false,"lang":"en"},"is_quote_status":false,"retweet_count":22,"favorite_count":0,"entities":{"hashtags":[],"symbols":[],"user_mentions":[{"screen_name":"NativeSantaCruz","name":"Native Santa Cruz","id":36702380,"id_str":"36702380","indices":[3,19]}],"urls":[],"media":[{"id":571841533911019500,"id_str":"571841533911019521","indices":[100,122],"media_url":"http://pbs.twimg.com/media/B--W2GiUsAEntAD.jpg","media_url_https":"https://pbs.twimg.com/media/B--W2GiUsAEntAD.jpg","url":"http://t.co/hKF5FoIfph","display_url":"pic.twitter.com/hKF5FoIfph","expanded_url":"http://twitter.com/NativeSantaCruz/status/571841539799834624/photo/1","type":"photo","sizes":{"large":{"w":1024,"h":804,"resize":"fit"},"medium":{"w":600,"h":471,"resize":"fit"},"thumb":{"w":150,"h":150,"resize":"crop"},"small":{"w":340,"h":266,"resize":"fit"}},"source_status_id":571841539799834600,"source_status_id_str":"571841539799834624","source_user_id":36702380,"source_user_id_str":"36702380"}]},"extended_entities":{"media":[{"id":571841533911019500,"id_str":"571841533911019521","indices":[100,122],"media_url":"http://pbs.twimg.com/media/B--W2GiUsAEntAD.jpg","media_url_https":"https://pbs.twimg.com/media/B--W2GiUsAEntAD.jpg","url":"http://t.co/hKF5FoIfph","display_url":"pic.twitter.com/hKF5FoIfph","expanded_url":"http://twitter.com/NativeSantaCruz/status/571841539799834624/photo/1","type":"photo","sizes":{"large":{"w":1024,"h":804,"resize":"fit"},"medium":{"w":600,"h":471,"resize":"fit"},"thumb":{"w":150,"h":150,"resize":"crop"},"small":{"w":340,"h":266,"resize":"fit"}},"source_status_id":571841539799834600,"source_status_id_str":"571841539799834624","source_user_id":36702380,"source_user_id_str":"36702380"}]},"favorited":false,"retweeted":true,"possibly_sensitive":false,"lang":"en"}
{"created_at":"Wed Mar 04 11:38:29 +0000 2015","id":573085097659932700,"id_str":"573085097659932672","text":"RT @rjurney: Director, producer, stars of Step into Liquid (best surf movie) are in Pacifica tonight for a showing http://t.co/VXCcHqio5a (…","source":"<a href='http://twitter.com/download/android' rel='nofollow'>Twitter for Android</a>","truncated":false,"in_reply_to_status_id":null,"in_reply_to_status_id_str":null,"in_reply_to_user_id":null,"in_reply_to_user_id_str":null,"in_reply_to_screen_name":null,"user":{"id":19902780,"id_str":"19902780","name":"Alexandre Masselot","screen_name":"alex_mass","location":"San Francisco","description":"","url":"http://t.co/kdImINdh39","entities":{"url":{"urls":[{"url":"http://t.co/kdImINdh39","expanded_url":"http://alexandre-masselot.blogspot.com/","display_url":"alexandre-masselot.blogspot.com","indices":[0,22]}]},"description":{"urls":[]}},"protected":false,"followers_count":25,"friends_count":43,"listed_count":2,"created_at":"Mon Feb 02 11:41:41 +0000 2009","favourites_count":242,"utc_offset":-25200,"time_zone":"Arizona","geo_enabled":false,"verified":false,"statuses_count":199,"lang":"en","contributors_enabled":false,"is_translator":false,"is_translation_enabled":false,"profile_background_color":"C0DEED","profile_background_image_url":"http://abs.twimg.com/images/themes/theme1/bg.png","profile_background_image_url_https":"https://abs.twimg.com/images/themes/theme1/bg.png","profile_background_tile":false,"profile_image_url":"http://pbs.twimg.com/profile_images/3055659063/149c03d1f505c6805eec6145e4430920_normal.jpeg","profile_image_url_https":"https://pbs.twimg.com/profile_images/3055659063/149c03d1f505c6805eec6145e4430920_normal.jpeg","profile_link_color":"0084B4","profile_sidebar_border_color":"C0DEED","profile_sidebar_fill_color":"DDEEF6","profile_text_color":"333333","profile_use_background_image":true,"has_extended_profile":false,"default_profile":true,"default_profile_image":false,"following":false,"follow_request_sent":false,"notifications":false},"geo":null,"coordinates":null,"place":null,"contributors":null,"retweeted_status":{"created_at":"Sun Mar 01 22:49:51 +0000 2015","id":572166888836341760,"id_str":"572166888836341760","text":"Director, producer, stars of Step into Liquid (best surf movie) are in Pacifica tonight for a showing http://t.co/VXCcHqio5a (click preview)","source":"<a href='http://twitter.com' rel='nofollow'>Twitter Web Client</a>","truncated":false,"in_reply_to_status_id":null,"in_reply_to_status_id_str":null,"in_reply_to_user_id":null,"in_reply_to_user_id_str":null,"in_reply_to_screen_name":null,"user":{"id":15831927,"id_str":"15831927","name":"Russell Jurney","screen_name":"rjurney","location":"Pacifica, CA","description":"data artist writer fierce salty bearded bastard","url":"http://t.co/cOsuJfudah","entities":{"url":{"urls":[{"url":"http://t.co/cOsuJfudah","expanded_url":"http://datasyndrome.com","display_url":"datasyndrome.com","indices":[0,22]}]},"description":{"urls":[]}},"protected":false,"followers_count":3474,"friends_count":527,"listed_count":323,"created_at":"Wed Aug 13 02:47:07 +0000 2008","favourites_count":2597,"utc_offset":-14400,"time_zone":"Eastern Time (US & Canada)","geo_enabled":true,"verified":false,"statuses_count":30436,"lang":"en","contributors_enabled":false,"is_translator":false,"is_translation_enabled":false,"profile_background_color":"C0DEED","profile_background_image_url":"http://abs.twimg.com/images/themes/theme1/bg.png","profile_background_image_url_https":"https://abs.twimg.com/images/themes/theme1/bg.png","profile_background_tile":false,"profile_image_url":"http://pbs.twimg.com/profile_images/2964060639/9a98c1eb08f57472743caa4a5ae3260b_normal.jpeg","profile_image_url_https":"https://pbs.twimg.com/profile_images/2964060639/9a98c1eb08f57472743caa4a5ae3260b_normal.jpeg","profile_link_color":"0084B4","profile_sidebar_border_color":"C0DEED","profile_sidebar_fill_color":"DDEEF6","profile_text_color":"333333","profile_use_background_image":true,"has_extended_profile":false,"default_profile":true,"default_profile_image":false,"following":true,"follow_request_sent":false,"notifications":false},"geo":null,"coordinates":null,"place":{"id":"a769d8f00b12878d","url":"https://api.twitter.com/1.1/geo/id/a769d8f00b12878d.json","place_type":"city","name":"Pacifica","full_name":"Pacifica, CA","country_code":"US","country":"United States","contained_within":[],"bounding_box":{"type":"Polygon","coordinates":[[[-122.515276,37.565624],[-122.442863,37.565624],[-122.442863,37.666566],[-122.515276,37.666566]]]},"attributes":{}},"contributors":null,"is_quote_status":false,"retweet_count":3,"favorite_count":1,"entities":{"hashtags":[],"symbols":[],"user_mentions":[],"urls":[{"url":"http://t.co/VXCcHqio5a","expanded_url":"http://pacificabeachcoalition.org/surf-movie-fundraiser-march-1st","display_url":"pacificabeachcoalition.org/surf-movie-fun…","indices":[102,124]}]},"favorited":false,"retweeted":true,"possibly_sensitive":false,"lang":"en"},"is_quote_status":false,"retweet_count":3,"favorite_count":0,"entities":{"hashtags":[],"symbols":[],"user_mentions":[{"screen_name":"rjurney","name":"Russell Jurney","id":15831927,"id_str":"15831927","indices":[3,11]}],"urls":[{"url":"http://t.co/VXCcHqio5a","expanded_url":"http://pacificabeachcoalition.org/surf-movie-fundraiser-march-1st","display_url":"pacificabeachcoalition.org/surf-movie-fun…","indices":[115,137]}]},"favorited":false,"retweeted":true,"possibly_sensitive":false,"lang":"en"}
{"created_at":"Thu Feb 19 10:43:38 +0000 2015","id":568360253454196740,"id_str":"568360253454196736","text":"A million rows isn’t cool. You know what’s cool? A billion rows. http://t.co/5aP7NDtybf","source":"<a href='http://twitter.com' rel='nofollow'>Twitter Web Client</a>","truncated":false,"in_reply_to_status_id":null,"in_reply_to_status_id_str":null,"in_reply_to_user_id":null,"in_reply_to_user_id_str":null,"in_reply_to_screen_name":null,"user":{"id":19902780,"id_str":"19902780","name":"Alexandre Masselot","screen_name":"alex_mass","location":"San Francisco","description":"","url":"http://t.co/kdImINdh39","entities":{"url":{"urls":[{"url":"http://t.co/kdImINdh39","expanded_url":"http://alexandre-masselot.blogspot.com/","display_url":"alexandre-masselot.blogspot.com","indices":[0,22]}]},"description":{"urls":[]}},"protected":false,"followers_count":25,"friends_count":43,"listed_count":2,"created_at":"Mon Feb 02 11:41:41 +0000 2009","favourites_count":242,"utc_offset":-25200,"time_zone":"Arizona","geo_enabled":false,"verified":false,"statuses_count":199,"lang":"en","contributors_enabled":false,"is_translator":false,"is_translation_enabled":false,"profile_background_color":"C0DEED","profile_background_image_url":"http://abs.twimg.com/images/themes/theme1/bg.png","profile_background_image_url_https":"https://abs.twimg.com/images/themes/theme1/bg.png","profile_background_tile":false,"profile_image_url":"http://pbs.twimg.com/profile_images/3055659063/149c03d1f505c6805eec6145e4430920_normal.jpeg","profile_image_url_https":"https://pbs.twimg.com/profile_images/3055659063/149c03d1f505c6805eec6145e4430920_normal.jpeg","profile_link_color":"0084B4","profile_sidebar_border_color":"C0DEED","profile_sidebar_fill_color":"DDEEF6","profile_text_color":"333333","profile_use_background_image":true,"has_extended_profile":false,"default_profile":true,"default_profile_image":false,"following":false,"follow_request_sent":false,"notifications":false},"geo":null,"coordinates":null,"place":null,"contributors":null,"is_quote_status":false,"retweet_count":0,"favorite_count":0,"entities":{"hashtags":[],"symbols":[],"user_mentions":[],"urls":[{"url":"http://t.co/5aP7NDtybf","expanded_url":"http://radar.oreilly.com/2015/02/a-million-rows-isnt-cool-you-know-whats-cool-a-billion-rows.html#.VOW-VkXGjxY.twitter","display_url":"radar.oreilly.com/2015/02/a-mill…","indices":[65,87]}]},"favorited":false,"retweeted":false,"possibly_sensitive":false,"lang":"en"}
{"created_at":"Wed Feb 18 11:41:54 +0000 2015","id":568012527638077440,"id_str":"568012527638077442","text":"RT @manisha72617183: When someone asks me 'what is a monad?', I reply with 'what is a black king in chess?'","source":"<a href='http://twitter.com/download/android' rel='nofollow'>Twitter for Android</a>","truncated":false,"in_reply_to_status_id":null,"in_reply_to_status_id_str":null,"in_reply_to_user_id":null,"in_reply_to_user_id_str":null,"in_reply_to_screen_name":null,"user":{"id":19902780,"id_str":"19902780","name":"Alexandre Masselot","screen_name":"alex_mass","location":"San Francisco","description":"","url":"http://t.co/kdImINdh39","entities":{"url":{"urls":[{"url":"http://t.co/kdImINdh39","expanded_url":"http://alexandre-masselot.blogspot.com/","display_url":"alexandre-masselot.blogspot.com","indices":[0,22]}]},"description":{"urls":[]}},"protected":false,"followers_count":25,"friends_count":43,"listed_count":2,"created_at":"Mon Feb 02 11:41:41 +0000 2009","favourites_count":242,"utc_offset":-25200,"time_zone":"Arizona","geo_enabled":false,"verified":false,"statuses_count":199,"lang":"en","contributors_enabled":false,"is_translator":false,"is_translation_enabled":false,"profile_background_color":"C0DEED","profile_background_image_url":"http://abs.twimg.com/images/themes/theme1/bg.png","profile_background_image_url_https":"https://abs.twimg.com/images/themes/theme1/bg.png","profile_background_tile":false,"profile_image_url":"http://pbs.twimg.com/profile_images/3055659063/149c03d1f505c6805eec6145e4430920_normal.jpeg","profile_image_url_https":"https://pbs.twimg.com/profile_images/3055659063/149c03d1f505c6805eec6145e4430920_normal.jpeg","profile_link_color":"0084B4","profile_sidebar_border_color":"C0DEED","profile_sidebar_fill_color":"DDEEF6","profile_text_color":"333333","profile_use_background_image":true,"has_extended_profile":false,"default_profile":true,"default_profile_image":false,"following":false,"follow_request_sent":false,"notifications":false},"geo":null,"coordinates":null,"place":null,"contributors":null,"retweeted_status":{"created_at":"Sat Feb 14 05:43:13 +0000 2015","id":566472709320630300,"id_str":"566472709320630276","text":"When someone asks me 'what is a monad?', I reply with 'what is a black king in chess?'","source":"<a href='http://twitter.com' rel='nofollow'>Twitter Web Client</a>","truncated":false,"in_reply_to_status_id":null,"in_reply_to_status_id_str":null,"in_reply_to_user_id":null,"in_reply_to_user_id_str":null,"in_reply_to_screen_name":null,"user":{"id":710474736,"id_str":"710474736","name":"Manisha Agarwal","screen_name":"manisha72617183","location":" Earth, until evacuation time","description":"*IT-Security *Jazz aficionado *foodie *still in awe of a Kryha-Liliput","url":null,"entities":{"description":{"urls":[]}},"protected":false,"followers_count":1107,"friends_count":712,"listed_count":53,"created_at":"Sun Jul 22 10:21:04 +0000 2012","favourites_count":3354,"utc_offset":-21600,"time_zone":"Central America","geo_enabled":false,"verified":false,"statuses_count":2803,"lang":"en","contributors_enabled":false,"is_translator":false,"is_translation_enabled":false,"profile_background_color":"131516","profile_background_image_url":"http://pbs.twimg.com/profile_background_images/457152549175320576/qoa8yQI4.jpeg","profile_background_image_url_https":"https://pbs.twimg.com/profile_background_images/457152549175320576/qoa8yQI4.jpeg","profile_background_tile":true,"profile_image_url":"http://pbs.twimg.com/profile_images/611794782529019904/0IIdcfzl_normal.jpg","profile_image_url_https":"https://pbs.twimg.com/profile_images/611794782529019904/0IIdcfzl_normal.jpg","profile_banner_url":"https://pbs.twimg.com/profile_banners/710474736/1416762580","profile_link_color":"009999","profile_sidebar_border_color":"FFFFFF","profile_sidebar_fill_color":"EFEFEF","profile_text_color":"333333","profile_use_background_image":true,"has_extended_profile":false,"default_profile":false,"default_profile_image":false,"following":false,"follow_request_sent":false,"notifications":false},"geo":null,"coordinates":null,"place":null,"contributors":null,"is_quote_status":false,"retweet_count":5,"favorite_count":13,"entities":{"hashtags":[],"symbols":[],"user_mentions":[],"urls":[]},"favorited":false,"retweeted":true,"lang":"en"},"is_quote_status":false,"retweet_count":5,"favorite_count":0,"entities":{"hashtags":[],"symbols":[],"user_mentions":[{"screen_name":"manisha72617183","name":"Manisha Agarwal","id":710474736,"id_str":"710474736","indices":[3,19]}],"urls":[]},"favorited":false,"retweeted":true,"lang":"en"}
{"created_at":"Mon Feb 02 16:29:54 +0000 2015","id":562286801461981200,"id_str":"562286801461981184","text":"RT @rjurney: There's a ship date for Perl 6. Does anyone care at this point? I'm glad to see it ship, but would I use it? Why? Five years a…","source":"<a href='http://twitter.com/download/android' rel='nofollow'>Twitter for Android</a>","truncated":false,"in_reply_to_status_id":null,"in_reply_to_status_id_str":null,"in_reply_to_user_id":null,"in_reply_to_user_id_str":null,"in_reply_to_screen_name":null,"user":{"id":19902780,"id_str":"19902780","name":"Alexandre Masselot","screen_name":"alex_mass","location":"San Francisco","description":"","url":"http://t.co/kdImINdh39","entities":{"url":{"urls":[{"url":"http://t.co/kdImINdh39","expanded_url":"http://alexandre-masselot.blogspot.com/","display_url":"alexandre-masselot.blogspot.com","indices":[0,22]}]},"description":{"urls":[]}},"protected":false,"followers_count":25,"friends_count":43,"listed_count":2,"created_at":"Mon Feb 02 11:41:41 +0000 2009","favourites_count":242,"utc_offset":-25200,"time_zone":"Arizona","geo_enabled":false,"verified":false,"statuses_count":199,"lang":"en","contributors_enabled":false,"is_translator":false,"is_translation_enabled":false,"profile_background_color":"C0DEED","profile_background_image_url":"http://abs.twimg.com/images/themes/theme1/bg.png","profile_background_image_url_https":"https://abs.twimg.com/images/themes/theme1/bg.png","profile_background_tile":false,"profile_image_url":"http://pbs.twimg.com/profile_images/3055659063/149c03d1f505c6805eec6145e4430920_normal.jpeg","profile_image_url_https":"https://pbs.twimg.com/profile_images/3055659063/149c03d1f505c6805eec6145e4430920_normal.jpeg","profile_link_color":"0084B4","profile_sidebar_border_color":"C0DEED","profile_sidebar_fill_color":"DDEEF6","profile_text_color":"333333","profile_use_background_image":true,"has_extended_profile":false,"default_profile":true,"default_profile_image":false,"following":false,"follow_request_sent":false,"notifications":false},"geo":null,"coordinates":null,"place":null,"contributors":null,"retweeted_status":{"created_at":"Mon Feb 02 15:04:39 +0000 2015","id":562265347487989760,"id_str":"562265347487989760","text":"There's a ship date for Perl 6. Does anyone care at this point? I'm glad to see it ship, but would I use it? Why? Five years ago I'd care.","source":"<a href='http://twitter.com' rel='nofollow'>Twitter Web Client</a>","truncated":false,"in_reply_to_status_id":null,"in_reply_to_status_id_str":null,"in_reply_to_user_id":null,"in_reply_to_user_id_str":null,"in_reply_to_screen_name":null,"user":{"id":15831927,"id_str":"15831927","name":"Russell Jurney","screen_name":"rjurney","location":"Pacifica, CA","description":"data artist writer fierce salty bearded bastard","url":"http://t.co/cOsuJfudah","entities":{"url":{"urls":[{"url":"http://t.co/cOsuJfudah","expanded_url":"http://datasyndrome.com","display_url":"datasyndrome.com","indices":[0,22]}]},"description":{"urls":[]}},"protected":false,"followers_count":3474,"friends_count":527,"listed_count":323,"created_at":"Wed Aug 13 02:47:07 +0000 2008","favourites_count":2597,"utc_offset":-14400,"time_zone":"Eastern Time (US & Canada)","geo_enabled":true,"verified":false,"statuses_count":30436,"lang":"en","contributors_enabled":false,"is_translator":false,"is_translation_enabled":false,"profile_background_color":"C0DEED","profile_background_image_url":"http://abs.twimg.com/images/themes/theme1/bg.png","profile_background_image_url_https":"https://abs.twimg.com/images/themes/theme1/bg.png","profile_background_tile":false,"profile_image_url":"http://pbs.twimg.com/profile_images/2964060639/9a98c1eb08f57472743caa4a5ae3260b_normal.jpeg","profile_image_url_https":"https://pbs.twimg.com/profile_images/2964060639/9a98c1eb08f57472743caa4a5ae3260b_normal.jpeg","profile_link_color":"0084B4","profile_sidebar_border_color":"C0DEED","profile_sidebar_fill_color":"DDEEF6","profile_text_color":"333333","profile_use_background_image":true,"has_extended_profile":false,"default_profile":true,"default_profile_image":false,"following":true,"follow_request_sent":false,"notifications":false},"geo":null,"coordinates":null,"place":{"id":"9807c5c5f7a2c6ce","url":"https://api.twitter.com/1.1/geo/id/9807c5c5f7a2c6ce.json","place_type":"admin","name":"Minnesota","full_name":"Minnesota, USA","country_code":"US","country":"United States","contained_within":[],"bounding_box":{"type":"Polygon","coordinates":[[[-97.239256,43.499362],[-89.483385,43.499362],[-89.483385,49.384359],[-97.239256,49.384359]]]},"attributes":{}},"contributors":null,"is_quote_status":false,"retweet_count":1,"favorite_count":1,"entities":{"hashtags":[],"symbols":[],"user_mentions":[],"urls":[]},"favorited":false,"retweeted":true,"lang":"en"},"is_quote_status":false,"retweet_count":1,"favorite_count":0,"entities":{"hashtags":[],"symbols":[],"user_mentions":[{"screen_name":"rjurney","name":"Russell Jurney","id":15831927,"id_str":"15831927","indices":[3,11]}],"urls":[]},"favorited":false,"retweeted":true,"lang":"en"}
