{"created_at":"Mon Feb 02 16:27:19 +0000 2015","id":562286148027174900,"id_str":"562286148027174912","text":"RT @newsycombinator: Perl6 v1.0 ready for Christmas 2015 http://t.co/GDhlgL8nGn","source":"<a href='http://twitter.com/download/android' rel='nofollow'>Twitter for Android</a>","truncated":false,"in_reply_to_status_id":null,"in_reply_to_status_id_str":null,"in_reply_to_user_id":null,"in_reply_to_user_id_str":null,"in_reply_to_screen_name":null,"user":{"id":19902780,"id_str":"19902780","name":"Alexandre Masselot","screen_name":"alex_mass","location":"San Francisco","description":"","url":"http://t.co/kdImINdh39","entities":{"url":{"urls":[{"url":"http://t.co/kdImINdh39","expanded_url":"http://alexandre-masselot.blogspot.com/","display_url":"alexandre-masselot.blogspot.com","indices":[0,22]}]},"description":{"urls":[]}},"protected":false,"followers_count":25,"friends_count":43,"listed_count":2,"created_at":"Mon Feb 02 11:41:41 +0000 2009","favourites_count":242,"utc_offset":-25200,"time_zone":"Arizona","geo_enabled":false,"verified":false,"statuses_count":199,"lang":"en","contributors_enabled":false,"is_translator":false,"is_translation_enabled":false,"profile_background_color":"C0DEED","profile_background_image_url":"http://abs.twimg.com/images/themes/theme1/bg.png","profile_background_image_url_https":"https://abs.twimg.com/images/themes/theme1/bg.png","profile_background_tile":false,"profile_image_url":"http://pbs.twimg.com/profile_images/3055659063/149c03d1f505c6805eec6145e4430920_normal.jpeg","profile_image_url_https":"https://pbs.twimg.com/profile_images/3055659063/149c03d1f505c6805eec6145e4430920_normal.jpeg","profile_link_color":"0084B4","profile_sidebar_border_color":"C0DEED","profile_sidebar_fill_color":"DDEEF6","profile_text_color":"333333","profile_use_background_image":true,"has_extended_profile":false,"default_profile":true,"default_profile_image":false,"following":false,"follow_request_sent":false,"notifications":false},"geo":null,"coordinates":null,"place":null,"contributors":null,"retweeted_status":{"created_at":"Sun Feb 01 19:00:36 +0000 2015","id":561962338354753540,"id_str":"561962338354753537","text":"Perl6 v1.0 ready for Christmas 2015 http://t.co/GDhlgL8nGn","source":"<a href='http://www.steer.me' rel='nofollow'>newsycombinator</a>","truncated":false,"in_reply_to_status_id":null,"in_reply_to_status_id_str":null,"in_reply_to_user_id":null,"in_reply_to_user_id_str":null,"in_reply_to_screen_name":null,"user":{"id":14335498,"id_str":"14335498","name":"Hacker News","screen_name":"newsycombinator","location":"The Internet","description":"I'm a news.ycombinator bot, get the latest from Hacker News! Built by the lovely @riklomas from @superhi_","url":"http://t.co/gliZLgXpD1","entities":{"url":{"urls":[{"url":"http://t.co/gliZLgXpD1","expanded_url":"http://news.ycombinator.com/","display_url":"news.ycombinator.com","indices":[0,22]}]},"description":{"urls":[]}},"protected":false,"followers_count":108876,"friends_count":2,"listed_count":6119,"created_at":"Tue Apr 08 19:58:28 +0000 2008","favourites_count":0,"utc_offset":3600,"time_zone":"London","geo_enabled":false,"verified":false,"statuses_count":75578,"lang":"en","contributors_enabled":false,"is_translator":false,"is_translation_enabled":false,"profile_background_color":"F5F5F5","profile_background_image_url":"http://abs.twimg.com/images/themes/theme1/bg.png","profile_background_image_url_https":"https://abs.twimg.com/images/themes/theme1/bg.png","profile_background_tile":false,"profile_image_url":"http://pbs.twimg.com/profile_images/469397708986269696/iUrYEOpJ_normal.png","profile_image_url_https":"https://pbs.twimg.com/profile_images/469397708986269696/iUrYEOpJ_normal.png","profile_banner_url":"https://pbs.twimg.com/profile_banners/14335498/1400748904","profile_link_color":"000000","profile_sidebar_border_color":"F5F5F5","profile_sidebar_fill_color":"FF6600","profile_text_color":"000000","profile_use_background_image":false,"has_extended_profile":false,"default_profile":false,"default_profile_image":false,"following":false,"follow_request_sent":false,"notifications":false},"geo":null,"coordinates":null,"place":null,"contributors":null,"is_quote_status":false,"retweet_count":27,"favorite_count":11,"entities":{"hashtags":[],"symbols":[],"user_mentions":[],"urls":[{"url":"http://t.co/GDhlgL8nGn","expanded_url":"http://blogs.perl.org/users/shadowcat_mdk/2015/02/fosdem-2015-its-christmas.html","display_url":"blogs.perl.org/users/shadowca…","indices":[36,58]}]},"favorited":false,"retweeted":true,"possibly_sensitive":false,"lang":"en"},"is_quote_status":false,"retweet_count":27,"favorite_count":0,"entities":{"hashtags":[],"symbols":[],"user_mentions":[{"screen_name":"newsycombinator","name":"Hacker News","id":14335498,"id_str":"14335498","indices":[3,19]}],"urls":[{"url":"http://t.co/GDhlgL8nGn","expanded_url":"http://blogs.perl.org/users/shadowcat_mdk/2015/02/fosdem-2015-its-christmas.html","display_url":"blogs.perl.org/users/shadowca…","indices":[57,79]}]},"favorited":false,"retweeted":true,"possibly_sensitive":false,"lang":"en"}
{"created_at":"Mon Jan 26 19:30:57 +0000 2015","id":559795646115610600,"id_str":"559795646115610624","text":"RT @_JamesWard: My only 2015 prediction: Drones will be more heavily controlled and regulated than guns.","source":"<a href='http://twitter.com/download/android' rel='nofollow'>Twitter for Android</a>","truncated":false,"in_reply_to_status_id":null,"in_reply_to_status_id_str":null,"in_reply_to_user_id":null,"in_reply_to_user_id_str":null,"in_reply_to_screen_name":null,"user":{"id":19902780,"id_str":"19902780","name":"Alexandre Masselot","screen_name":"alex_mass","location":"San Francisco","description":"","url":"http://t.co/kdImINdh39","entities":{"url":{"urls":[{"url":"http://t.co/kdImINdh39","expanded_url":"http://alexandre-masselot.blogspot.com/","display_url":"alexandre-masselot.blogspot.com","indices":[0,22]}]},"description":{"urls":[]}},"protected":false,"followers_count":25,"friends_count":43,"listed_count":2,"created_at":"Mon Feb 02 11:41:41 +0000 2009","favourites_count":242,"utc_offset":-25200,"time_zone":"Arizona","geo_enabled":false,"verified":false,"statuses_count":199,"lang":"en","contributors_enabled":false,"is_translator":false,"is_translation_enabled":false,"profile_background_color":"C0DEED","profile_background_image_url":"http://abs.twimg.com/images/themes/theme1/bg.png","profile_background_image_url_https":"https://abs.twimg.com/images/themes/theme1/bg.png","profile_background_tile":false,"profile_image_url":"http://pbs.twimg.com/profile_images/3055659063/149c03d1f505c6805eec6145e4430920_normal.jpeg","profile_image_url_https":"https://pbs.twimg.com/profile_images/3055659063/149c03d1f505c6805eec6145e4430920_normal.jpeg","profile_link_color":"0084B4","profile_sidebar_border_color":"C0DEED","profile_sidebar_fill_color":"DDEEF6","profile_text_color":"333333","profile_use_background_image":true,"has_extended_profile":false,"default_profile":true,"default_profile_image":false,"following":false,"follow_request_sent":false,"notifications":false},"geo":null,"coordinates":null,"place":null,"contributors":null,"retweeted_status":{"created_at":"Mon Jan 26 18:36:45 +0000 2015","id":559782009451450400,"id_str":"559782009451450368","text":"My only 2015 prediction: Drones will be more heavily controlled and regulated than guns.","source":"<a href='http://twitter.com/download/iphone' rel='nofollow'>Twitter for iPhone</a>","truncated":false,"in_reply_to_status_id":null,"in_reply_to_status_id_str":null,"in_reply_to_user_id":null,"in_reply_to_user_id_str":null,"in_reply_to_screen_name":null,"user":{"id":799616,"id_str":"799616","name":"James Ward","screen_name":"_JamesWard","location":"I Code Therefore I Think","description":"Principal Platform Evangelist at http://t.co/xdBW5CPtdS","url":"http://t.co/XOZFCQTcl0","entities":{"url":{"urls":[{"url":"http://t.co/XOZFCQTcl0","expanded_url":"http://jamesward.com","display_url":"jamesward.com","indices":[0,22]}]},"description":{"urls":[{"url":"http://t.co/xdBW5CPtdS","expanded_url":"http://salesforce.com","display_url":"salesforce.com","indices":[33,55]}]}},"protected":false,"followers_count":10103,"friends_count":1055,"listed_count":550,"created_at":"Wed Feb 28 00:07:01 +0000 2007","favourites_count":2207,"utc_offset":-25200,"time_zone":"Pacific Time (US & Canada)","geo_enabled":false,"verified":false,"statuses_count":2898,"lang":"en","contributors_enabled":false,"is_translator":false,"is_translation_enabled":false,"profile_background_color":"C0DEED","profile_background_image_url":"http://abs.twimg.com/images/themes/theme1/bg.png","profile_background_image_url_https":"https://abs.twimg.com/images/themes/theme1/bg.png","profile_background_tile":false,"profile_image_url":"http://pbs.twimg.com/profile_images/378800000606902520/0c9b5897d0f28e53f5666639551a7512_normal.jpeg","profile_image_url_https":"https://pbs.twimg.com/profile_images/378800000606902520/0c9b5897d0f28e53f5666639551a7512_normal.jpeg","profile_banner_url":"https://pbs.twimg.com/profile_banners/799616/1353476610","profile_link_color":"0084B4","profile_sidebar_border_color":"C0DEED","profile_sidebar_fill_color":"DDEEF6","profile_text_color":"333333","profile_use_background_image":true,"has_extended_profile":false,"default_profile":true,"default_profile_image":false,"following":true,"follow_request_sent":false,"notifications":false},"geo":null,"coordinates":null,"place":null,"contributors":null,"is_quote_status":false,"retweet_count":8,"favorite_count":9,"entities":{"hashtags":[],"symbols":[],"user_mentions":[],"urls":[]},"favorited":false,"retweeted":true,"lang":"en"},"is_quote_status":false,"retweet_count":8,"favorite_count":0,"entities":{"hashtags":[],"symbols":[],"user_mentions":[{"screen_name":"_JamesWard","name":"James Ward","id":799616,"id_str":"799616","indices":[3,14]}],"urls":[]},"favorited":false,"retweeted":true,"lang":"en"}
{"created_at":"Thu Jan 15 17:18:33 +0000 2015","id":555776061171322900,"id_str":"555776061171322883","text":"'Warning:(81, 21) Replace filter and size with count''. I really love Scala","source":"<a href='http://twitter.com' rel='nofollow'>Twitter Web Client</a>","truncated":false,"in_reply_to_status_id":null,"in_reply_to_status_id_str":null,"in_reply_to_user_id":null,"in_reply_to_user_id_str":null,"in_reply_to_screen_name":null,"user":{"id":19902780,"id_str":"19902780","name":"Alexandre Masselot","screen_name":"alex_mass","location":"San Francisco","description":"","url":"http://t.co/kdImINdh39","entities":{"url":{"urls":[{"url":"http://t.co/kdImINdh39","expanded_url":"http://alexandre-masselot.blogspot.com/","display_url":"alexandre-masselot.blogspot.com","indices":[0,22]}]},"description":{"urls":[]}},"protected":false,"followers_count":25,"friends_count":43,"listed_count":2,"created_at":"Mon Feb 02 11:41:41 +0000 2009","favourites_count":242,"utc_offset":-25200,"time_zone":"Arizona","geo_enabled":false,"verified":false,"statuses_count":199,"lang":"en","contributors_enabled":false,"is_translator":false,"is_translation_enabled":false,"profile_background_color":"C0DEED","profile_background_image_url":"http://abs.twimg.com/images/themes/theme1/bg.png","profile_background_image_url_https":"https://abs.twimg.com/images/themes/theme1/bg.png","profile_background_tile":false,"profile_image_url":"http://pbs.twimg.com/profile_images/3055659063/149c03d1f505c6805eec6145e4430920_normal.jpeg","profile_image_url_https":"https://pbs.twimg.com/profile_images/3055659063/149c03d1f505c6805eec6145e4430920_normal.jpeg","profile_link_color":"0084B4","profile_sidebar_border_color":"C0DEED","profile_sidebar_fill_color":"DDEEF6","profile_text_color":"333333","profile_use_background_image":true,"has_extended_profile":false,"default_profile":true,"default_profile_image":false,"following":false,"follow_request_sent":false,"notifications":false},"geo":null,"coordinates":null,"place":null,"contributors":null,"is_quote_status":false,"retweet_count":0,"favorite_count":0,"entities":{"hashtags":[],"symbols":[],"user_mentions":[],"urls":[]},"favorited":false,"retweeted":false,"lang":"en"}
{"created_at":"Thu Jan 08 19:38:20 +0000 2015","id":553274521990750200,"id_str":"553274521990750208","text":"RT @Charlie_Hebdo_: Meilleurs vœux, au fait. http://t.co/a2JOhqJZJM","source":"<a href='https://mobile.twitter.com' rel='nofollow'>Mobile Web (M5)</a>","truncated":false,"in_reply_to_status_id":null,"in_reply_to_status_id_str":null,"in_reply_to_user_id":null,"in_reply_to_user_id_str":null,"in_reply_to_screen_name":null,"user":{"id":19902780,"id_str":"19902780","name":"Alexandre Masselot","screen_name":"alex_mass","location":"San Francisco","description":"","url":"http://t.co/kdImINdh39","entities":{"url":{"urls":[{"url":"http://t.co/kdImINdh39","expanded_url":"http://alexandre-masselot.blogspot.com/","display_url":"alexandre-masselot.blogspot.com","indices":[0,22]}]},"description":{"urls":[]}},"protected":false,"followers_count":25,"friends_count":43,"listed_count":2,"created_at":"Mon Feb 02 11:41:41 +0000 2009","favourites_count":242,"utc_offset":-25200,"time_zone":"Arizona","geo_enabled":false,"verified":false,"statuses_count":199,"lang":"en","contributors_enabled":false,"is_translator":false,"is_translation_enabled":false,"profile_background_color":"C0DEED","profile_background_image_url":"http://abs.twimg.com/images/themes/theme1/bg.png","profile_background_image_url_https":"https://abs.twimg.com/images/themes/theme1/bg.png","profile_background_tile":false,"profile_image_url":"http://pbs.twimg.com/profile_images/3055659063/149c03d1f505c6805eec6145e4430920_normal.jpeg","profile_image_url_https":"https://pbs.twimg.com/profile_images/3055659063/149c03d1f505c6805eec6145e4430920_normal.jpeg","profile_link_color":"0084B4","profile_sidebar_border_color":"C0DEED","profile_sidebar_fill_color":"DDEEF6","profile_text_color":"333333","profile_use_background_image":true,"has_extended_profile":false,"default_profile":true,"default_profile_image":false,"following":false,"follow_request_sent":false,"notifications":false},"geo":null,"coordinates":null,"place":null,"contributors":null,"retweeted_status":{"created_at":"Wed Jan 07 10:28:57 +0000 2015","id":552773881283764200,"id_str":"552773881283764224","text":"Meilleurs vœux, au fait. http://t.co/a2JOhqJZJM","source":"<a href='http://twitter.com' rel='nofollow'>Twitter Web Client</a>","truncated":false,"in_reply_to_status_id":null,"in_reply_to_status_id_str":null,"in_reply_to_user_id":null,"in_reply_to_user_id_str":null,"in_reply_to_screen_name":null,"user":{"id":65416867,"id_str":"65416867","name":"Charlie Hebdo","screen_name":"Charlie_Hebdo_","location":"26, rue Serpollet 75020 Paris","description":"Compte officiel. Ts les mercredis, 3€, sans pub.","url":"http://t.co/bHl4vKTZUg","entities":{"url":{"urls":[{"url":"http://t.co/bHl4vKTZUg","expanded_url":"http://www.charliehebdo.fr","display_url":"charliehebdo.fr","indices":[0,22]}]},"description":{"urls":[]}},"protected":false,"followers_count":358299,"friends_count":470,"listed_count":2881,"created_at":"Thu Aug 13 17:30:49 +0000 2009","favourites_count":365,"utc_offset":7200,"time_zone":"Paris","geo_enabled":false,"verified":true,"statuses_count":5828,"lang":"fr","contributors_enabled":false,"is_translator":false,"is_translation_enabled":false,"profile_background_color":"B2DFDA","profile_background_image_url":"http://pbs.twimg.com/profile_background_images/544910826092507136/2uAH7s4n.jpeg","profile_background_image_url_https":"https://pbs.twimg.com/profile_background_images/544910826092507136/2uAH7s4n.jpeg","profile_background_tile":true,"profile_image_url":"http://pbs.twimg.com/profile_images/544911949192916992/ZlPfYfOY_normal.jpeg","profile_image_url_https":"https://pbs.twimg.com/profile_images/544911949192916992/ZlPfYfOY_normal.jpeg","profile_banner_url":"https://pbs.twimg.com/profile_banners/65416867/1418752081","profile_link_color":"93A644","profile_sidebar_border_color":"FFFFFF","profile_sidebar_fill_color":"F3F3F3","profile_text_color":"333333","profile_use_background_image":true,"has_extended_profile":false,"default_profile":false,"default_profile_image":false,"following":false,"follow_request_sent":false,"notifications":false},"geo":null,"coordinates":null,"place":null,"contributors":null,"is_quote_status":false,"retweet_count":37993,"favorite_count":17338,"entities":{"hashtags":[],"symbols":[],"user_mentions":[],"urls":[],"media":[{"id":552773880440684540,"id_str":"552773880440684545","indices":[25,47],"media_url":"http://pbs.twimg.com/media/B6vY6mDIAAEI5k1.jpg","media_url_https":"https://pbs.twimg.com/media/B6vY6mDIAAEI5k1.jpg","url":"http://t.co/a2JOhqJZJM","display_url":"pic.twitter.com/a2JOhqJZJM","expanded_url":"http://twitter.com/Charlie_Hebdo_/status/552773881283764224/photo/1","type":"photo","sizes":{"medium":{"w":500,"h":505,"resize":"fit"},"thumb":{"w":150,"h":150,"resize":"crop"},"small":{"w":340,"h":343,"resize":"fit"},"large":{"w":500,"h":505,"resize":"fit"}}}]},"extended_entities":{"media":[{"id":552773880440684540,"id_str":"552773880440684545","indices":[25,47],"media_url":"http://pbs.twimg.com/media/B6vY6mDIAAEI5k1.jpg","media_url_https":"https://pbs.twimg.com/media/B6vY6mDIAAEI5k1.jpg","url":"http://t.co/a2JOhqJZJM","display_url":"pic.twitter.com/a2JOhqJZJM","expanded_url":"http://twitter.com/Charlie_Hebdo_/status/552773881283764224/photo/1","type":"photo","sizes":{"medium":{"w":500,"h":505,"resize":"fit"},"thumb":{"w":150,"h":150,"resize":"crop"},"small":{"w":340,"h":343,"resize":"fit"},"large":{"w":500,"h":505,"resize":"fit"}}}]},"favorited":false,"retweeted":true,"possibly_sensitive":false,"lang":"fr"},"is_quote_status":false,"retweet_count":37993,"favorite_count":0,"entities":{"hashtags":[],"symbols":[],"user_mentions":[{"screen_name":"Charlie_Hebdo_","name":"Charlie Hebdo","id":65416867,"id_str":"65416867","indices":[3,18]}],"urls":[],"media":[{"id":552773880440684540,"id_str":"552773880440684545","indices":[45,67],"media_url":"http://pbs.twimg.com/media/B6vY6mDIAAEI5k1.jpg","media_url_https":"https://pbs.twimg.com/media/B6vY6mDIAAEI5k1.jpg","url":"http://t.co/a2JOhqJZJM","display_url":"pic.twitter.com/a2JOhqJZJM","expanded_url":"http://twitter.com/Charlie_Hebdo_/status/552773881283764224/photo/1","type":"photo","sizes":{"medium":{"w":500,"h":505,"resize":"fit"},"thumb":{"w":150,"h":150,"resize":"crop"},"small":{"w":340,"h":343,"resize":"fit"},"large":{"w":500,"h":505,"resize":"fit"}},"source_status_id":552773881283764200,"source_status_id_str":"552773881283764224","source_user_id":65416867,"source_user_id_str":"65416867"}]},"extended_entities":{"media":[{"id":552773880440684540,"id_str":"552773880440684545","indices":[45,67],"media_url":"http://pbs.twimg.com/media/B6vY6mDIAAEI5k1.jpg","media_url_https":"https://pbs.twimg.com/media/B6vY6mDIAAEI5k1.jpg","url":"http://t.co/a2JOhqJZJM","display_url":"pic.twitter.com/a2JOhqJZJM","expanded_url":"http://twitter.com/Charlie_Hebdo_/status/552773881283764224/photo/1","type":"photo","sizes":{"medium":{"w":500,"h":505,"resize":"fit"},"thumb":{"w":150,"h":150,"resize":"crop"},"small":{"w":340,"h":343,"resize":"fit"},"large":{"w":500,"h":505,"resize":"fit"}},"source_status_id":552773881283764200,"source_status_id_str":"552773881283764224","source_user_id":65416867,"source_user_id_str":"65416867"}]},"favorited":false,"retweeted":true,"possibly_sensitive":false,"lang":"fr"}
{"created_at":"Wed Jan 07 13:25:05 +0000 2015","id":552818204654190600,"id_str":"552818204654190592","text":"journée de merde http://t.co/z79H5vcvNu","source":"<a href='http://twitter.com' rel='nofollow'>Twitter Web Client</a>","truncated":false,"in_reply_to_status_id":null,"in_reply_to_status_id_str":null,"in_reply_to_user_id":null,"in_reply_to_user_id_str":null,"in_reply_to_screen_name":null,"user":{"id":19902780,"id_str":"19902780","name":"Alexandre Masselot","screen_name":"alex_mass","location":"San Francisco","description":"","url":"http://t.co/kdImINdh39","entities":{"url":{"urls":[{"url":"http://t.co/kdImINdh39","expanded_url":"http://alexandre-masselot.blogspot.com/","display_url":"alexandre-masselot.blogspot.com","indices":[0,22]}]},"description":{"urls":[]}},"protected":false,"followers_count":25,"friends_count":43,"listed_count":2,"created_at":"Mon Feb 02 11:41:41 +0000 2009","favourites_count":242,"utc_offset":-25200,"time_zone":"Arizona","geo_enabled":false,"verified":false,"statuses_count":199,"lang":"en","contributors_enabled":false,"is_translator":false,"is_translation_enabled":false,"profile_background_color":"C0DEED","profile_background_image_url":"http://abs.twimg.com/images/themes/theme1/bg.png","profile_background_image_url_https":"https://abs.twimg.com/images/themes/theme1/bg.png","profile_background_tile":false,"profile_image_url":"http://pbs.twimg.com/profile_images/3055659063/149c03d1f505c6805eec6145e4430920_normal.jpeg","profile_image_url_https":"https://pbs.twimg.com/profile_images/3055659063/149c03d1f505c6805eec6145e4430920_normal.jpeg","profile_link_color":"0084B4","profile_sidebar_border_color":"C0DEED","profile_sidebar_fill_color":"DDEEF6","profile_text_color":"333333","profile_use_background_image":true,"has_extended_profile":false,"default_profile":true,"default_profile_image":false,"following":false,"follow_request_sent":false,"notifications":false},"geo":null,"coordinates":null,"place":null,"contributors":null,"is_quote_status":false,"retweet_count":0,"favorite_count":0,"entities":{"hashtags":[],"symbols":[],"user_mentions":[],"urls":[],"media":[{"id":552818204008259600,"id_str":"552818204008259584","indices":[17,39],"media_url":"http://pbs.twimg.com/media/B6wBOkNIIAAh9tG.jpg","media_url_https":"https://pbs.twimg.com/media/B6wBOkNIIAAh9tG.jpg","url":"http://t.co/z79H5vcvNu","display_url":"pic.twitter.com/z79H5vcvNu","expanded_url":"http://twitter.com/alex_mass/status/552818204654190592/photo/1","type":"photo","sizes":{"large":{"w":340,"h":437,"resize":"fit"},"thumb":{"w":150,"h":150,"resize":"crop"},"medium":{"w":340,"h":437,"resize":"fit"},"small":{"w":340,"h":437,"resize":"fit"}}}]},"extended_entities":{"media":[{"id":552818204008259600,"id_str":"552818204008259584","indices":[17,39],"media_url":"http://pbs.twimg.com/media/B6wBOkNIIAAh9tG.jpg","media_url_https":"https://pbs.twimg.com/media/B6wBOkNIIAAh9tG.jpg","url":"http://t.co/z79H5vcvNu","display_url":"pic.twitter.com/z79H5vcvNu","expanded_url":"http://twitter.com/alex_mass/status/552818204654190592/photo/1","type":"photo","sizes":{"large":{"w":340,"h":437,"resize":"fit"},"thumb":{"w":150,"h":150,"resize":"crop"},"medium":{"w":340,"h":437,"resize":"fit"},"small":{"w":340,"h":437,"resize":"fit"}}}]},"favorited":false,"retweeted":false,"possibly_sensitive":false,"lang":"fr"}
{"created_at":"Mon Dec 29 17:31:46 +0000 2014","id":549618794411597800,"id_str":"549618794411597824","text":"RT @evaletolabs: Let's try out that new framework? @alex_mass http://t.co/m5xOQwpfCA","source":"<a href='http://twitter.com/#!/download/ipad' rel='nofollow'>Twitter for iPad</a>","truncated":false,"in_reply_to_status_id":null,"in_reply_to_status_id_str":null,"in_reply_to_user_id":null,"in_reply_to_user_id_str":null,"in_reply_to_screen_name":null,"user":{"id":19902780,"id_str":"19902780","name":"Alexandre Masselot","screen_name":"alex_mass","location":"San Francisco","description":"","url":"http://t.co/kdImINdh39","entities":{"url":{"urls":[{"url":"http://t.co/kdImINdh39","expanded_url":"http://alexandre-masselot.blogspot.com/","display_url":"alexandre-masselot.blogspot.com","indices":[0,22]}]},"description":{"urls":[]}},"protected":false,"followers_count":25,"friends_count":43,"listed_count":2,"created_at":"Mon Feb 02 11:41:41 +0000 2009","favourites_count":242,"utc_offset":-25200,"time_zone":"Arizona","geo_enabled":false,"verified":false,"statuses_count":199,"lang":"en","contributors_enabled":false,"is_translator":false,"is_translation_enabled":false,"profile_background_color":"C0DEED","profile_background_image_url":"http://abs.twimg.com/images/themes/theme1/bg.png","profile_background_image_url_https":"https://abs.twimg.com/images/themes/theme1/bg.png","profile_background_tile":false,"profile_image_url":"http://pbs.twimg.com/profile_images/3055659063/149c03d1f505c6805eec6145e4430920_normal.jpeg","profile_image_url_https":"https://pbs.twimg.com/profile_images/3055659063/149c03d1f505c6805eec6145e4430920_normal.jpeg","profile_link_color":"0084B4","profile_sidebar_border_color":"C0DEED","profile_sidebar_fill_color":"DDEEF6","profile_text_color":"333333","profile_use_background_image":true,"has_extended_profile":false,"default_profile":true,"default_profile_image":false,"following":false,"follow_request_sent":false,"notifications":false},"geo":null,"coordinates":null,"place":null,"contributors":null,"retweeted_status":{"created_at":"Mon Dec 08 09:38:55 +0000 2014","id":541889653931249660,"id_str":"541889653931249664","text":"Let's try out that new framework? @alex_mass http://t.co/m5xOQwpfCA","source":"<a href='http://twitter.com' rel='nofollow'>Twitter Web Client</a>","truncated":false,"in_reply_to_status_id":null,"in_reply_to_status_id_str":null,"in_reply_to_user_id":null,"in_reply_to_user_id_str":null,"in_reply_to_screen_name":null,"user":{"id":312528659,"id_str":"312528659","name":"evaleto","screen_name":"evaletolabs","location":"geneva","description":"if you can think it, you can make it.","url":"https://t.co/g7TUJibS","entities":{"url":{"urls":[{"url":"https://t.co/g7TUJibS","expanded_url":"https://github.com/evaletolab","display_url":"github.com/evaletolab","indices":[0,21]}]},"description":{"urls":[]}},"protected":false,"followers_count":30,"friends_count":41,"listed_count":2,"created_at":"Tue Jun 07 08:11:20 +0000 2011","favourites_count":41,"utc_offset":7200,"time_zone":"Ljubljana","geo_enabled":false,"verified":false,"statuses_count":398,"lang":"fr","contributors_enabled":false,"is_translator":false,"is_translation_enabled":false,"profile_background_color":"022330","profile_background_image_url":"http://pbs.twimg.com/profile_background_images/265657423/fedora-15-mockingbird-stripes-1920x1200.png","profile_background_image_url_https":"https://pbs.twimg.com/profile_background_images/265657423/fedora-15-mockingbird-stripes-1920x1200.png","profile_background_tile":true,"profile_image_url":"http://pbs.twimg.com/profile_images/1385850059/oli-avatar-small_normal.png","profile_image_url_https":"https://pbs.twimg.com/profile_images/1385850059/oli-avatar-small_normal.png","profile_banner_url":"https://pbs.twimg.com/profile_banners/312528659/1414141727","profile_link_color":"0084B4","profile_sidebar_border_color":"A8C7F7","profile_sidebar_fill_color":"C0DFEC","profile_text_color":"333333","profile_use_background_image":true,"has_extended_profile":false,"default_profile":false,"default_profile_image":false,"following":true,"follow_request_sent":false,"notifications":false},"geo":null,"coordinates":null,"place":null,"contributors":null,"is_quote_status":false,"retweet_count":1,"favorite_count":0,"entities":{"hashtags":[],"symbols":[],"user_mentions":[{"screen_name":"alex_mass","name":"Alexandre Masselot","id":19902780,"id_str":"19902780","indices":[34,44]}],"urls":[],"media":[{"id":541889651603025900,"id_str":"541889651603025920","indices":[45,67],"media_url":"http://pbs.twimg.com/media/B4UtxF9CMAAWauN.jpg","media_url_https":"https://pbs.twimg.com/media/B4UtxF9CMAAWauN.jpg","url":"http://t.co/m5xOQwpfCA","display_url":"pic.twitter.com/m5xOQwpfCA","expanded_url":"http://twitter.com/evaletolabs/status/541889653931249664/photo/1","type":"photo","sizes":{"medium":{"w":600,"h":918,"resize":"fit"},"thumb":{"w":150,"h":150,"resize":"crop"},"large":{"w":650,"h":995,"resize":"fit"},"small":{"w":340,"h":520,"resize":"fit"}}}]},"extended_entities":{"media":[{"id":541889651603025900,"id_str":"541889651603025920","indices":[45,67],"media_url":"http://pbs.twimg.com/media/B4UtxF9CMAAWauN.jpg","media_url_https":"https://pbs.twimg.com/media/B4UtxF9CMAAWauN.jpg","url":"http://t.co/m5xOQwpfCA","display_url":"pic.twitter.com/m5xOQwpfCA","expanded_url":"http://twitter.com/evaletolabs/status/541889653931249664/photo/1","type":"photo","sizes":{"medium":{"w":600,"h":918,"resize":"fit"},"thumb":{"w":150,"h":150,"resize":"crop"},"large":{"w":650,"h":995,"resize":"fit"},"small":{"w":340,"h":520,"resize":"fit"}}}]},"favorited":false,"retweeted":true,"possibly_sensitive":false,"lang":"en"},"is_quote_status":false,"retweet_count":1,"favorite_count":0,"entities":{"hashtags":[],"symbols":[],"user_mentions":[{"screen_name":"evaletolabs","name":"evaleto","id":312528659,"id_str":"312528659","indices":[3,15]},{"screen_name":"alex_mass","name":"Alexandre Masselot","id":19902780,"id_str":"19902780","indices":[51,61]}],"urls":[],"media":[{"id":541889651603025900,"id_str":"541889651603025920","indices":[62,84],"media_url":"http://pbs.twimg.com/media/B4UtxF9CMAAWauN.jpg","media_url_https":"https://pbs.twimg.com/media/B4UtxF9CMAAWauN.jpg","url":"http://t.co/m5xOQwpfCA","display_url":"pic.twitter.com/m5xOQwpfCA","expanded_url":"http://twitter.com/evaletolabs/status/541889653931249664/photo/1","type":"photo","sizes":{"medium":{"w":600,"h":918,"resize":"fit"},"thumb":{"w":150,"h":150,"resize":"crop"},"large":{"w":650,"h":995,"resize":"fit"},"small":{"w":340,"h":520,"resize":"fit"}},"source_status_id":541889653931249660,"source_status_id_str":"541889653931249664","source_user_id":312528659,"source_user_id_str":"312528659"}]},"extended_entities":{"media":[{"id":541889651603025900,"id_str":"541889651603025920","indices":[62,84],"media_url":"http://pbs.twimg.com/media/B4UtxF9CMAAWauN.jpg","media_url_https":"https://pbs.twimg.com/media/B4UtxF9CMAAWauN.jpg","url":"http://t.co/m5xOQwpfCA","display_url":"pic.twitter.com/m5xOQwpfCA","expanded_url":"http://twitter.com/evaletolabs/status/541889653931249664/photo/1","type":"photo","sizes":{"medium":{"w":600,"h":918,"resize":"fit"},"thumb":{"w":150,"h":150,"resize":"crop"},"large":{"w":650,"h":995,"resize":"fit"},"small":{"w":340,"h":520,"resize":"fit"}},"source_status_id":541889653931249660,"source_status_id_str":"541889653931249664","source_user_id":312528659,"source_user_id_str":"312528659"}]},"favorited":false,"retweeted":true,"possibly_sensitive":false,"lang":"en"}
{"created_at":"Tue Oct 21 09:47:07 +0000 2014","id":524497096729444350,"id_str":"524497096729444352","text":"RT @d3visualization: #D3js Step by Step. \n\nBlog: http://t.co/faalqJuuXo \n\nPlunker: http://t.co/R1kppZoAF9\n\nGithub: https://t.co/prhjUvWV1t …","source":"<a href='http://twitter.com' rel='nofollow'>Twitter Web Client</a>","truncated":false,"in_reply_to_status_id":null,"in_reply_to_status_id_str":null,"in_reply_to_user_id":null,"in_reply_to_user_id_str":null,"in_reply_to_screen_name":null,"user":{"id":19902780,"id_str":"19902780","name":"Alexandre Masselot","screen_name":"alex_mass","location":"San Francisco","description":"","url":"http://t.co/kdImINdh39","entities":{"url":{"urls":[{"url":"http://t.co/kdImINdh39","expanded_url":"http://alexandre-masselot.blogspot.com/","display_url":"alexandre-masselot.blogspot.com","indices":[0,22]}]},"description":{"urls":[]}},"protected":false,"followers_count":25,"friends_count":43,"listed_count":2,"created_at":"Mon Feb 02 11:41:41 +0000 2009","favourites_count":242,"utc_offset":-25200,"time_zone":"Arizona","geo_enabled":false,"verified":false,"statuses_count":199,"lang":"en","contributors_enabled":false,"is_translator":false,"is_translation_enabled":false,"profile_background_color":"C0DEED","profile_background_image_url":"http://abs.twimg.com/images/themes/theme1/bg.png","profile_background_image_url_https":"https://abs.twimg.com/images/themes/theme1/bg.png","profile_background_tile":false,"profile_image_url":"http://pbs.twimg.com/profile_images/3055659063/149c03d1f505c6805eec6145e4430920_normal.jpeg","profile_image_url_https":"https://pbs.twimg.com/profile_images/3055659063/149c03d1f505c6805eec6145e4430920_normal.jpeg","profile_link_color":"0084B4","profile_sidebar_border_color":"C0DEED","profile_sidebar_fill_color":"DDEEF6","profile_text_color":"333333","profile_use_background_image":true,"has_extended_profile":false,"default_profile":true,"default_profile_image":false,"following":false,"follow_request_sent":false,"notifications":false},"geo":null,"coordinates":null,"place":null,"contributors":null,"retweeted_status":{"created_at":"Tue Oct 21 01:46:54 +0000 2014","id":524376246051172350,"id_str":"524376246051172353","text":"#D3js Step by Step. \n\nBlog: http://t.co/faalqJuuXo \n\nPlunker: http://t.co/R1kppZoAF9\n\nGithub: https://t.co/prhjUvWV1t \n\nby @kentenglish","source":"<a href='http://itunes.apple.com/us/app/twitter/id409789998?mt=12' rel='nofollow'>Twitter for Mac</a>","truncated":false,"in_reply_to_status_id":null,"in_reply_to_status_id_str":null,"in_reply_to_user_id":null,"in_reply_to_user_id_str":null,"in_reply_to_screen_name":null,"user":{"id":1006945298,"id_str":"1006945298","name":"Christophe Viau","screen_name":"d3visualization","location":"Montreal","description":"I ♥ D3.js","url":"http://t.co/xipqdROEZ3","entities":{"url":{"urls":[{"url":"http://t.co/xipqdROEZ3","expanded_url":"http://biovisualize.com","display_url":"biovisualize.com","indices":[0,22]}]},"description":{"urls":[]}},"protected":false,"followers_count":6223,"friends_count":384,"listed_count":450,"created_at":"Wed Dec 12 18:00:31 +0000 2012","favourites_count":3,"utc_offset":null,"time_zone":null,"geo_enabled":false,"verified":false,"statuses_count":2543,"lang":"en","contributors_enabled":false,"is_translator":false,"is_translation_enabled":false,"profile_background_color":"C0DEED","profile_background_image_url":"http://abs.twimg.com/images/themes/theme1/bg.png","profile_background_image_url_https":"https://abs.twimg.com/images/themes/theme1/bg.png","profile_background_tile":false,"profile_image_url":"http://pbs.twimg.com/profile_images/2966721476/d74f938f36234e2fc0f434d07f87f8f5_normal.png","profile_image_url_https":"https://pbs.twimg.com/profile_images/2966721476/d74f938f36234e2fc0f434d07f87f8f5_normal.png","profile_link_color":"0084B4","profile_sidebar_border_color":"C0DEED","profile_sidebar_fill_color":"DDEEF6","profile_text_color":"333333","profile_use_background_image":true,"has_extended_profile":false,"default_profile":true,"default_profile_image":false,"following":true,"follow_request_sent":false,"notifications":false},"geo":null,"coordinates":null,"place":null,"contributors":null,"is_quote_status":false,"retweet_count":15,"favorite_count":41,"entities":{"hashtags":[{"text":"D3js","indices":[0,5]}],"symbols":[],"user_mentions":[{"screen_name":"kentenglish","name":"Kent English","id":110817328,"id_str":"110817328","indices":[123,135]}],"urls":[{"url":"http://t.co/faalqJuuXo","expanded_url":"http://zeroviscosity.com/category/d3-js-step-by-step","display_url":"zeroviscosity.com/category/d3-js…","indices":[28,50]},{"url":"http://t.co/R1kppZoAF9","expanded_url":"http://plnkr.co/users/zeroviscosity","display_url":"plnkr.co/users/zerovisc…","indices":[62,84]},{"url":"https://t.co/prhjUvWV1t","expanded_url":"https://github.com/zeroviscosity/d3-js-step-by-step","display_url":"github.com/zeroviscosity/…","indices":[94,117]}]},"favorited":false,"retweeted":true,"possibly_sensitive":false,"lang":"en"},"is_quote_status":false,"retweet_count":15,"favorite_count":0,"entities":{"hashtags":[{"text":"D3js","indices":[21,26]}],"symbols":[],"user_mentions":[{"screen_name":"d3visualization","name":"Christophe Viau","id":1006945298,"id_str":"1006945298","indices":[3,19]},{"screen_name":"kentenglish","name":"Kent English","id":110817328,"id_str":"110817328","indices":[139,140]}],"urls":[{"url":"http://t.co/faalqJuuXo","expanded_url":"http://zeroviscosity.com/category/d3-js-step-by-step","display_url":"zeroviscosity.com/category/d3-js…","indices":[49,71]},{"url":"http://t.co/R1kppZoAF9","expanded_url":"http://plnkr.co/users/zeroviscosity","display_url":"plnkr.co/users/zerovisc…","indices":[83,105]},{"url":"https://t.co/prhjUvWV1t","expanded_url":"https://github.com/zeroviscosity/d3-js-step-by-step","display_url":"github.com/zeroviscosity/…","indices":[115,138]}]},"favorited":false,"retweeted":true,"possibly_sensitive":false,"lang":"en"}
{"created_at":"Mon Oct 20 11:38:36 +0000 2014","id":524162765154713600,"id_str":"524162765154713600","text":"'Learning is a waste of time. So don't learn, and you won't waste any.' [undisclosed author]","source":"<a href='http://twitter.com' rel='nofollow'>Twitter Web Client</a>","truncated":false,"in_reply_to_status_id":null,"in_reply_to_status_id_str":null,"in_reply_to_user_id":null,"in_reply_to_user_id_str":null,"in_reply_to_screen_name":null,"user":{"id":19902780,"id_str":"19902780","name":"Alexandre Masselot","screen_name":"alex_mass","location":"San Francisco","description":"","url":"http://t.co/kdImINdh39","entities":{"url":{"urls":[{"url":"http://t.co/kdImINdh39","expanded_url":"http://alexandre-masselot.blogspot.com/","display_url":"alexandre-masselot.blogspot.com","indices":[0,22]}]},"description":{"urls":[]}},"protected":false,"followers_count":25,"friends_count":43,"listed_count":2,"created_at":"Mon Feb 02 11:41:41 +0000 2009","favourites_count":242,"utc_offset":-25200,"time_zone":"Arizona","geo_enabled":false,"verified":false,"statuses_count":199,"lang":"en","contributors_enabled":false,"is_translator":false,"is_translation_enabled":false,"profile_background_color":"C0DEED","profile_background_image_url":"http://abs.twimg.com/images/themes/theme1/bg.png","profile_background_image_url_https":"https://abs.twimg.com/images/themes/theme1/bg.png","profile_background_tile":false,"profile_image_url":"http://pbs.twimg.com/profile_images/3055659063/149c03d1f505c6805eec6145e4430920_normal.jpeg","profile_image_url_https":"https://pbs.twimg.com/profile_images/3055659063/149c03d1f505c6805eec6145e4430920_normal.jpeg","profile_link_color":"0084B4","profile_sidebar_border_color":"C0DEED","profile_sidebar_fill_color":"DDEEF6","profile_text_color":"333333","profile_use_background_image":true,"has_extended_profile":false,"default_profile":true,"default_profile_image":false,"following":false,"follow_request_sent":false,"notifications":false},"geo":null,"coordinates":null,"place":null,"contributors":null,"is_quote_status":false,"retweet_count":0,"favorite_count":0,"entities":{"hashtags":[],"symbols":[],"user_mentions":[],"urls":[]},"favorited":false,"retweeted":false,"lang":"en"}
{"created_at":"Sat Oct 18 23:05:24 +0000 2014","id":523610829103845400,"id_str":"523610829103845376","text":"Embracing Technology Change In Scientific Software\nhttp://t.co/YlB4x4zJQK","source":"<a href='http://twitter.com' rel='nofollow'>Twitter Web Client</a>","truncated":false,"in_reply_to_status_id":null,"in_reply_to_status_id_str":null,"in_reply_to_user_id":null,"in_reply_to_user_id_str":null,"in_reply_to_screen_name":null,"user":{"id":19902780,"id_str":"19902780","name":"Alexandre Masselot","screen_name":"alex_mass","location":"San Francisco","description":"","url":"http://t.co/kdImINdh39","entities":{"url":{"urls":[{"url":"http://t.co/kdImINdh39","expanded_url":"http://alexandre-masselot.blogspot.com/","display_url":"alexandre-masselot.blogspot.com","indices":[0,22]}]},"description":{"urls":[]}},"protected":false,"followers_count":25,"friends_count":43,"listed_count":2,"created_at":"Mon Feb 02 11:41:41 +0000 2009","favourites_count":242,"utc_offset":-25200,"time_zone":"Arizona","geo_enabled":false,"verified":false,"statuses_count":199,"lang":"en","contributors_enabled":false,"is_translator":false,"is_translation_enabled":false,"profile_background_color":"C0DEED","profile_background_image_url":"http://abs.twimg.com/images/themes/theme1/bg.png","profile_background_image_url_https":"https://abs.twimg.com/images/themes/theme1/bg.png","profile_background_tile":false,"profile_image_url":"http://pbs.twimg.com/profile_images/3055659063/149c03d1f505c6805eec6145e4430920_normal.jpeg","profile_image_url_https":"https://pbs.twimg.com/profile_images/3055659063/149c03d1f505c6805eec6145e4430920_normal.jpeg","profile_link_color":"0084B4","profile_sidebar_border_color":"C0DEED","profile_sidebar_fill_color":"DDEEF6","profile_text_color":"333333","profile_use_background_image":true,"has_extended_profile":false,"default_profile":true,"default_profile_image":false,"following":false,"follow_request_sent":false,"notifications":false},"geo":null,"coordinates":null,"place":null,"contributors":null,"is_quote_status":false,"retweet_count":0,"favorite_count":0,"entities":{"hashtags":[],"symbols":[],"user_mentions":[],"urls":[{"url":"http://t.co/YlB4x4zJQK","expanded_url":"http://alexandre-masselot.blogspot.ch/2014/10/embracing-technology-change-in.html","display_url":"alexandre-masselot.blogspot.ch/2014/10/embrac…","indices":[51,73]}]},"favorited":false,"retweeted":false,"possibly_sensitive":false,"lang":"en"}]
