<?xml version='1.0' encoding='utf-8'?>
<!DOCTYPE hibernate-configuration PUBLIC
        "-//Hibernate/Hibernate Configuration DTD//EN"
        "http://hibernate.sourceforge.net/hibernate-configuration-3.0.dtd">

<hibernate-configuration>
    <session-factory>

        <property name="connection.provider_class">com.zaxxer.hikari.hibernate.HikariConnectionProvider</property>
        <property name="hibernate.connection.provider_class">com.zaxxer.hikari.hibernate.HikariConnectionProvider</property>


        <property name="hibernate.hikari.dataSource.url">jdbc:h2:acentera.db;MODE=MYSQL;DB_CLOSE_DELAY=-1;IGNORECASE=TRUE;AUTO_RECONNECT=TRUE;MULTI_THREADED=0;MVCC=TRUE</property>
        <property name="hibernate.hikari.dataSource.user">sa</property>
        <property name="hibernate.hikari.dataSource.password"></property>

<!--
        <property name="hibernate.hikari.dataSource.url">jdbc:mysql://localhost:3306/app?interactiveClient=true&amp;autoReconnect=true&amp;createDatabaseIfNotExist=true&amp;useUnicode=true&amp;characterEncoding=utf-8&amp;profileSQL=false</property>
        <property name="hibernate.hikari.dataSource.user">root</property>
        <property name="hibernate.hikari.dataSource.password"></property>
-->

        <property name="hibernate.hikari.dataSourceClassName">org.h2.jdbcx.JdbcDataSource</property>
        <property name="hibernate.hikari.maximumPoolSize">30</property>
        <property name="hibernate.hikari.idleTimeout">30000</property>
        <property name="hibernate.dialect">org.hibernate.dialect.H2Dialect</property>

        <property name="hbm2ddl.auto">update</property>
        <property name="hibernate.show_sql">true</property>
        <property name="hibernate.format_sql">true</property>
        <property name="hibernate.use_sql_comments">true</property>
        <property name="hibernate.current_session_context_class">thread</property>

        <property name="hibernate.query.factory_class">org.hibernate.hql.internal.ast.ASTQueryTranslatorFactory</property>

        <property name="hibernate.max_fetch_depth">3</property>
        <property name="hibernate.cache.provider_class">org.hibernate.cache.NoCacheProvider</property>

        <property name="hibernate.show_sql">true</property>
        <property name="hibernate.format_sql">true</property>
    </session-factory>
</hibernate-configuration>
