{
  "name": "iron-behaviors",
  "version": "0.9.5",
  "description": "Provides a set of behaviors for the iron elements",
  "private": true,
  "authors": [
    "The Polymer Authors"
  ],
  "license": "MIT",
  "dependencies": {
    "polymer": "Polymer/polymer#^0.9.0",
    "iron-a11y-keys-behavior": "PolymerElements/iron-a11y-keys-behavior#^0.9.0"
  },
  "devDependencies": {
    "iron-test-helpers": "polymerelements/iron-test-helpers#^0.9.0",
    "iron-component-page": "polymerelements/iron-component-page#^0.9.0",
    "test-fixture": "polymerelements/test-fixture#^0.9.0",
    "web-component-tester": "*",
    "webcomponentsjs": "webcomponents/webcomponentsjs#^0.7.0"
  },
  "homepage": "https://github.com/polymerelements/iron-behaviors",
  "_release": "0.9.5",
  "_resolution": {
    "type": "version",
    "tag": "v0.9.5",
    "commit": "6545ba27cea2f164edf5adf1621204797391dd14"
  },
  "_source": "git://github.com/polymerelements/iron-behaviors.git",
  "_target": "^0.9.0",
  "_originalSource": "polymerelements/iron-behaviors"
}