[[{"Name":"Official Number","Value":{"Type":"System.String","Literal":"833112"}},{"Name":"Vessel Name","Value":{"Type":"System.String","Literal":"EAGLE MEDALLION FLOATRESS"}},{"Name":"Port of Registry","Value":{"Type":"System.String","Literal":"VICTORIA"}},{"Name":"Status","Value":{"Type":"System.String","Literal":"REGISTERED"}},{"Name":"Former Vessel Name","Value":{"Type":"System.String","Literal":"-"}},{"Name":"IMO Number","Value":{"Type":"System.String","Literal":"-"}},{"Name":"Hull Number","Value":{"Type":"System.String","Literal":"-"}},{"Name":"Year Built","Value":{"Type":"System.String","Literal":"2008"}},{"Name":"Year Rebuilt","Value":{"Type":"System.String","Literal":"-"}},{"Name":"Registry Date","Value":{"Type":"System.String","Literal":"2008-09-24"}},{"Name":"Certificate Expires","Value":{"Type":"System.String","Literal":"2015-12-31"}},{"Name":"Number of Encumbrances","Value":{"Type":"System.Decimal","Literal":"0"}},{"Name":"Vessel Type","Value":{"Type":"System.String","Literal":"BARGE"}},{"Name":"Gross Tonnage (t)","Value":{"Type":"System.Decimal","Literal":"17.399998733336"}},{"Name":"Net Tonnage (t)","Value":{"Type":"System.Decimal","Literal":"17.399998733336"}},{"Name":"Construction Type","Value":{"Type":"System.String","Literal":"CARVEL/FLUSH"}},{"Name":"Construction Material","Value":{"Type":"System.String","Literal":"CONCRETE"}},{"Name":"Vessel Length (m)","Value":{"Type":"System.Decimal","Literal":"18.38"}},{"Name":"Vessel Breadth (m)","Value":{"Type":"System.Decimal","Literal":"4.88"}},{"Name":"Vessel Depth (m)","Value":{"Type":"System.Decimal","Literal":"0.97"}},{"Name":"Engine Description","Value":{"Type":"System.String","Literal":"-"}},{"Name":"Number of Engines","Value":{"Type":"System.String","Literal":"0"}},{"Name":"Propulsion Type","Value":{"Type":"System.String","Literal":"NON-PROPELLED"}},{"Name":"Speed (knots)","Value":{"Type":"System.String","Literal":""}},{"Name":"Propulsion Method","Value":{"Type":"System.String","Literal":"NONE"}},{"Name":"Propulsion Power","Value":{"Type":"System.String","Literal":"-"}},{"Name":"Unit of Power","Value":{"Type":"System.String","Literal":"-"}},{"Name":"Builder Name","Value":{"Type":"System.String","Literal":"GADD MARINE CONSTRUCTORS LTD."}},{"Name":"Builder Address 1","Value":{"Type":"System.String","Literal":"719 SHAWN RD., BOX 400"}},{"Name":"Builder Address 2","Value":{"Type":"System.String","Literal":""}},{"Name":"Builder Address 3","Value":{"Type":"System.String","Literal":""}},{"Name":"Builder City","Value":{"Type":"System.String","Literal":"COOMBS"}},{"Name":"Builder Prov. Code","Value":{"Type":"System.String","Literal":"BC"}},{"Name":"Builder State / Province","Value":{"Type":"System.String","Literal":"BRITISH COLUMBIA"}},{"Name":"Builder Country Code","Value":{"Type":"System.String","Literal":"020"}},{"Name":"Builder Country","Value":{"Type":"System.String","Literal":"CANADA"}},{"Name":"Builder Postal Code","Value":{"Type":"System.String","Literal":"V0R 1M0"}}],[{"Name":"Official Number","Value":{"Type":"System.String","Literal":"833243"}},{"Name":"Vessel Name","Value":{"Type":"System.String","Literal":"WALLY PT 1"}},{"Name":"Port of Registry","Value":{"Type":"System.String","Literal":"VICTORIA"}},{"Name":"Status","Value":{"Type":"System.String","Literal":"REGISTERED"}},{"Name":"Former Vessel Name","Value":{"Type":"System.String","Literal":"-"}},{"Name":"IMO Number","Value":{"Type":"System.String","Literal":"-"}},{"Name":"Hull Number","Value":{"Type":"System.String","Literal":"-"}},{"Name":"Year Built","Value":{"Type":"System.String","Literal":"2008"}},{"Name":"Year Rebuilt","Value":{"Type":"System.String","Literal":"-"}},{"Name":"Registry Date","Value":{"Type":"System.String","Literal":"2008-11-04"}},{"Name":"Certificate Expires","Value":{"Type":"System.String","Literal":"2017-11-30"}},{"Name":"Number of Encumbrances","Value":{"Type":"System.Decimal","Literal":"0"}},{"Name":"Vessel Type","Value":{"Type":"System.String","Literal":"BARGE"}},{"Name":"Gross Tonnage (t)","Value":{"Type":"System.Decimal","Literal":"16.369998952416"}},{"Name":"Net Tonnage (t)","Value":{"Type":"System.Decimal","Literal":"16.369998952416"}},{"Name":"Construction Type","Value":{"Type":"System.String","Literal":"CARVEL/FLUSH"}},{"Name":"Construction Material","Value":{"Type":"System.String","Literal":"CONCRETE"}},{"Name":"Vessel Length (m)","Value":{"Type":"System.Decimal","Literal":"18.42"}},{"Name":"Vessel Breadth (m)","Value":{"Type":"System.Decimal","Literal":"4.58"}},{"Name":"Vessel Depth (m)","Value":{"Type":"System.Decimal","Literal":"0.97"}},{"Name":"Engine Description","Value":{"Type":"System.String","Literal":"-"}},{"Name":"Number of Engines","Value":{"Type":"System.String","Literal":"-"}},{"Name":"Propulsion Type","Value":{"Type":"System.String","Literal":"NON-PROPELLED"}},{"Name":"Speed (knots)","Value":{"Type":"System.String","Literal":""}},{"Name":"Propulsion Method","Value":{"Type":"System.String","Literal":"NONE"}},{"Name":"Propulsion Power","Value":{"Type":"System.String","Literal":"-"}},{"Name":"Unit of Power","Value":{"Type":"System.String","Literal":"-"}},{"Name":"Builder Name","Value":{"Type":"System.String","Literal":"GADD MARINE CONSTRUCTORS LTD."}},{"Name":"Builder Address 1","Value":{"Type":"System.String","Literal":"719 SHAWN RD., BOX 400"}},{"Name":"Builder Address 2","Value":{"Type":"System.String","Literal":""}},{"Name":"Builder Address 3","Value":{"Type":"System.String","Literal":""}},{"Name":"Builder City","Value":{"Type":"System.String","Literal":"COOMBS"}},{"Name":"Builder Prov. Code","Value":{"Type":"System.String","Literal":"BC"}},{"Name":"Builder State / Province","Value":{"Type":"System.String","Literal":"BRITISH COLUMBIA"}},{"Name":"Builder Country Code","Value":{"Type":"System.String","Literal":"020"}},{"Name":"Builder Country","Value":{"Type":"System.String","Literal":"CANADA"}},{"Name":"Builder Postal Code","Value":{"Type":"System.String","Literal":"V0R 1M0"}}],[{"Name":"Official Number","Value":{"Type":"System.String","Literal":"833273"}},{"Name":"Vessel Name","Value":{"Type":"System.String","Literal":"BANNERMAN'S LANDING"}},{"Name":"Port of Registry","Value":{"Type":"System.String","Literal":"EDMONTON"}},{"Name":"Status","Value":{"Type":"System.String","Literal":"REGISTERED"}},{"Name":"Former Vessel Name","Value":{"Type":"System.String","Literal":"-"}},{"Name":"IMO Number","Value":{"Type":"System.String","Literal":"-"}},{"Name":"Hull Number","Value":{"Type":"System.String","Literal":"-"}},{"Name":"Year Built","Value":{"Type":"System.String","Literal":"2008"}},{"Name":"Year Rebuilt","Value":{"Type":"System.String","Literal":"-"}},{"Name":"Registry Date","Value":{"Type":"System.String","Literal":"2008-11-18"}},{"Name":"Certificate Expires","Value":{"Type":"System.String","Literal":"2017-11-30"}},{"Name":"Number of Encumbrances","Value":{"Type":"System.Decimal","Literal":"0"}},{"Name":"Vessel Type","Value":{"Type":"System.String","Literal":"BARGE"}},{"Name":"Gross Tonnage (t)","Value":{"Type":"System.Decimal","Literal":"14.330001512048"}},{"Name":"Net Tonnage (t)","Value":{"Type":"System.Decimal","Literal":"14.330001512048"}},{"Name":"Construction Type","Value":{"Type":"System.String","Literal":"MOULDED"}},{"Name":"Construction Material","Value":{"Type":"System.String","Literal":"CONCRETE"}},{"Name":"Vessel Length (m)","Value":{"Type":"System.Decimal","Literal":"15.14"}},{"Name":"Vessel Breadth (m)","Value":{"Type":"System.Decimal","Literal":"4.88"}},{"Name":"Vessel Depth (m)","Value":{"Type":"System.Decimal","Literal":"0.97"}},{"Name":"Engine Description","Value":{"Type":"System.String","Literal":"-"}},{"Name":"Number of Engines","Value":{"Type":"System.String","Literal":"0"}},{"Name":"Propulsion Type","Value":{"Type":"System.String","Literal":"NON-PROPELLED"}},{"Name":"Speed (knots)","Value":{"Type":"System.String","Literal":""}},{"Name":"Propulsion Method","Value":{"Type":"System.String","Literal":"NONE"}},{"Name":"Propulsion Power","Value":{"Type":"System.String","Literal":"-"}},{"Name":"Unit of Power","Value":{"Type":"System.String","Literal":"-"}},{"Name":"Builder Name","Value":{"Type":"System.String","Literal":"GADD MARINE CONSTRUCTORS LTD."}},{"Name":"Builder Address 1","Value":{"Type":"System.String","Literal":"719 SHAWN RD., BOX 400"}},{"Name":"Builder Address 2","Value":{"Type":"System.String","Literal":""}},{"Name":"Builder Address 3","Value":{"Type":"System.String","Literal":""}},{"Name":"Builder City","Value":{"Type":"System.String","Literal":"COOMBS"}},{"Name":"Builder Prov. Code","Value":{"Type":"System.String","Literal":"BC"}},{"Name":"Builder State / Province","Value":{"Type":"System.String","Literal":"BRITISH COLUMBIA"}},{"Name":"Builder Country Code","Value":{"Type":"System.String","Literal":"020"}},{"Name":"Builder Country","Value":{"Type":"System.String","Literal":"CANADA"}},{"Name":"Builder Postal Code","Value":{"Type":"System.String","Literal":"V0R 1M0"}}],[{"Name":"Official Number","Value":{"Type":"System.String","Literal":"833362"}},{"Name":"Vessel Name","Value":{"Type":"System.String","Literal":"RYDER WEST"}},{"Name":"Port of Registry","Value":{"Type":"System.String","Literal":"VANCOUVER"}},{"Name":"Status","Value":{"Type":"System.String","Literal":"REGISTERED"}},{"Name":"Former Vessel Name","Value":{"Type":"System.String","Literal":"LADY MELISSA II"}},{"Name":"IMO Number","Value":{"Type":"System.String","Literal":"-"}},{"Name":"Hull Number","Value":{"Type":"System.String","Literal":"-"}},{"Name":"Year Built","Value":{"Type":"System.String","Literal":"-"}},{"Name":"Year Rebuilt","Value":{"Type":"System.String","Literal":"-"}},{"Name":"Registry Date","Value":{"Type":"System.String","Literal":"2009-01-08"}},{"Name":"Certificate Expires","Value":{"Type":"System.String","Literal":"2018-05-31"}},{"Name":"Number of Encumbrances","Value":{"Type":"System.Decimal","Literal":"0"}},{"Name":"Vessel Type","Value":{"Type":"System.String","Literal":"FISHING"}},{"Name":"Gross Tonnage (t)","Value":{"Type":"System.Decimal","Literal":"7.379998841712"}},{"Name":"Net Tonnage (t)","Value":{"Type":"System.Decimal","Literal":"5.530000366640"}},{"Name":"Construction Type","Value":{"Type":"System.String","Literal":"MOULDED"}},{"Name":"Construction Material","Value":{"Type":"System.String","Literal":"REINFORCED PLASTIC"}},{"Name":"Vessel Length (m)","Value":{"Type":"System.Decimal","Literal":"10.99"}},{"Name":"Vessel Breadth (m)","Value":{"Type":"System.Decimal","Literal":"3.44"}},{"Name":"Vessel Depth (m)","Value":{"Type":"System.Decimal","Literal":"1.22"}},{"Name":"Engine Description","Value":{"Type":"System.String","Literal":"DIESEL"}},{"Name":"Number of Engines","Value":{"Type":"System.String","Literal":"1"}},{"Name":"Propulsion Type","Value":{"Type":"System.String","Literal":"SELF-PROPELLED"}},{"Name":"Speed (knots)","Value":{"Type":"System.Decimal","Literal":"8"}},{"Name":"Propulsion Method","Value":{"Type":"System.String","Literal":"SINGLE SCREW"}},{"Name":"Propulsion Power","Value":{"Type":"System.String","Literal":"186.5"}},{"Name":"Unit of Power","Value":{"Type":"System.String","Literal":"KILOWATTS"}},{"Name":"Builder Name","Value":{"Type":"System.String","Literal":"UNKNOWN OWNER"}},{"Name":"Builder Address 1","Value":{"Type":"System.String","Literal":""}},{"Name":"Builder Address 2","Value":{"Type":"System.String","Literal":""}},{"Name":"Builder Address 3","Value":{"Type":"System.String","Literal":""}},{"Name":"Builder City","Value":{"Type":"System.String","Literal":""}},{"Name":"Builder Prov. Code","Value":{"Type":"System.String","Literal":"01"}},{"Name":"Builder State / Province","Value":{"Type":"System.String","Literal":"UNKNOWN"}},{"Name":"Builder Country Code","Value":{"Type":"System.String","Literal":"020"}},{"Name":"Builder Country","Value":{"Type":"System.String","Literal":"CANADA"}},{"Name":"Builder Postal Code","Value":{"Type":"System.String","Literal":"A1A 1A1"}}],[{"Name":"Official Number","Value":{"Type":"System.String","Literal":"837922"}},{"Name":"Vessel Name","Value":{"Type":"System.String","Literal":"CLUPEA II"}},{"Name":"Port of Registry","Value":{"Type":"System.String","Literal":"VANCOUVER"}},{"Name":"Status","Value":{"Type":"System.String","Literal":"REGISTERED"}},{"Name":"Former Vessel Name","Value":{"Type":"System.String","Literal":"-"}},{"Name":"IMO Number","Value":{"Type":"System.String","Literal":"-"}},{"Name":"Hull Number","Value":{"Type":"System.String","Literal":"-"}},{"Name":"Year Built","Value":{"Type":"System.String","Literal":"1930"}},{"Name":"Year Rebuilt","Value":{"Type":"System.String","Literal":"-"}},{"Name":"Registry Date","Value":{"Type":"System.String","Literal":"2013-12-20"}},{"Name":"Certificate Expires","Value":{"Type":"System.String","Literal":"2017-01-31"}},{"Name":"Number of Encumbrances","Value":{"Type":"System.Decimal","Literal":"0"}},{"Name":"Vessel Type","Value":{"Type":"System.String","Literal":"PLEASURE CRAFT"}},{"Name":"Gross Tonnage (t)","Value":{"Type":"System.Decimal","Literal":"14.209999377560"}},{"Name":"Net Tonnage (t)","Value":{"Type":"System.Decimal","Literal":"10.660000681216"}},{"Name":"Construction Type","Value":{"Type":"System.String","Literal":"MOULDED"}},{"Name":"Construction Material","Value":{"Type":"System.String","Literal":"WOOD"}},{"Name":"Vessel Length (m)","Value":{"Type":"System.Decimal","Literal":"14.75"}},{"Name":"Vessel Breadth (m)","Value":{"Type":"System.Decimal","Literal":"3.65"}},{"Name":"Vessel Depth (m)","Value":{"Type":"System.Decimal","Literal":"1.65"}},{"Name":"Engine Description","Value":{"Type":"System.String","Literal":"-"}},{"Name":"Number of Engines","Value":{"Type":"System.String","Literal":"-"}},{"Name":"Propulsion Type","Value":{"Type":"System.String","Literal":"SELF-PROPELLED"}},{"Name":"Speed (knots)","Value":{"Type":"System.String","Literal":""}},{"Name":"Propulsion Method","Value":{"Type":"System.String","Literal":"TWIN SCREW"}},{"Name":"Propulsion Power","Value":{"Type":"System.String","Literal":"63.41"}},{"Name":"Unit of Power","Value":{"Type":"System.String","Literal":"KILOWATTS"}},{"Name":"Builder Name","Value":{"Type":"System.String","Literal":"UNKNOWN OWNER"}},{"Name":"Builder Address 1","Value":{"Type":"System.String","Literal":""}},{"Name":"Builder Address 2","Value":{"Type":"System.String","Literal":""}},{"Name":"Builder Address 3","Value":{"Type":"System.String","Literal":""}},{"Name":"Builder City","Value":{"Type":"System.String","Literal":""}},{"Name":"Builder Prov. Code","Value":{"Type":"System.String","Literal":"01"}},{"Name":"Builder State / Province","Value":{"Type":"System.String","Literal":"UNKNOWN"}},{"Name":"Builder Country Code","Value":{"Type":"System.String","Literal":"020"}},{"Name":"Builder Country","Value":{"Type":"System.String","Literal":"CANADA"}},{"Name":"Builder Postal Code","Value":{"Type":"System.String","Literal":"A1A 1A1"}}],[{"Name":"Official Number","Value":{"Type":"System.String","Literal":"838147"}},{"Name":"Vessel Name","Value":{"Type":"System.String","Literal":"DUMP SCOW 50"}},{"Name":"Port of Registry","Value":{"Type":"System.String","Literal":"GASPE"}},{"Name":"Status","Value":{"Type":"System.String","Literal":"REGISTERED"}},{"Name":"Former Vessel Name","Value":{"Type":"System.String","Literal":"-"}},{"Name":"IMO Number","Value":{"Type":"System.String","Literal":"-"}},{"Name":"Hull Number","Value":{"Type":"System.String","Literal":"-"}},{"Name":"Year Built","Value":{"Type":"System.String","Literal":"1982"}},{"Name":"Year Rebuilt","Value":{"Type":"System.String","Literal":"-"}},{"Name":"Registry Date","Value":{"Type":"System.String","Literal":"2014-05-27"}},{"Name":"Certificate Expires","Value":{"Type":"System.String","Literal":"2017-06-30"}},{"Name":"Number of Encumbrances","Value":{"Type":"System.Decimal","Literal":"0"}},{"Name":"Vessel Type","Value":{"Type":"System.String","Literal":"BARGE"}},{"Name":"Gross Tonnage (t)","Value":{"Type":"System.Decimal","Literal":"42.209999490592"}},{"Name":"Net Tonnage (t)","Value":{"Type":"System.Decimal","Literal":"42.209999490592"}},{"Name":"Construction Type","Value":{"Type":"System.String","Literal":"WELDED"}},{"Name":"Construction Material","Value":{"Type":"System.String","Literal":"STEEL"}},{"Name":"Vessel Length (m)","Value":{"Type":"System.Decimal","Literal":"15.26"}},{"Name":"Vessel Breadth (m)","Value":{"Type":"System.Decimal","Literal":"7.48"}},{"Name":"Vessel Depth (m)","Value":{"Type":"System.Decimal","Literal":"1.85"}},{"Name":"Engine Description","Value":{"Type":"System.String","Literal":"-"}},{"Name":"Number of Engines","Value":{"Type":"System.String","Literal":"-"}},{"Name":"Propulsion Type","Value":{"Type":"System.String","Literal":"NON-PROPELLED"}},{"Name":"Speed (knots)","Value":{"Type":"System.String","Literal":""}},{"Name":"Propulsion Method","Value":{"Type":"System.String","Literal":"NONE"}},{"Name":"Propulsion Power","Value":{"Type":"System.String","Literal":"-"}},{"Name":"Unit of Power","Value":{"Type":"System.String","Literal":"-"}},{"Name":"Builder Name","Value":{"Type":"System.String","Literal":"PURVIS MARINE LIMITED"}},{"Name":"Builder Address 1","Value":{"Type":"System.String","Literal":"1 PIM ST."}},{"Name":"Builder Address 2","Value":{"Type":"System.String","Literal":""}},{"Name":"Builder Address 3","Value":{"Type":"System.String","Literal":""}},{"Name":"Builder City","Value":{"Type":"System.String","Literal":"SAULT STE. MARIE"}},{"Name":"Builder Prov. Code","Value":{"Type":"System.String","Literal":"ON"}},{"Name":"Builder State / Province","Value":{"Type":"System.String","Literal":"ONTARIO"}},{"Name":"Builder Country Code","Value":{"Type":"System.String","Literal":"020"}},{"Name":"Builder Country","Value":{"Type":"System.String","Literal":"CANADA"}},{"Name":"Builder Postal Code","Value":{"Type":"System.String","Literal":"P6A 3G3"}}],[{"Name":"Official Number","Value":{"Type":"System.String","Literal":"832842"}},{"Name":"Vessel Name","Value":{"Type":"System.String","Literal":"THINK BIG"}},{"Name":"Port of Registry","Value":{"Type":"System.String","Literal":"VANCOUVER"}},{"Name":"Status","Value":{"Type":"System.String","Literal":"REGISTERED"}},{"Name":"Former Vessel Name","Value":{"Type":"System.String","Literal":"-"}},{"Name":"IMO Number","Value":{"Type":"System.String","Literal":"-"}},{"Name":"Hull Number","Value":{"Type":"System.String","Literal":"-"}},{"Name":"Year Built","Value":{"Type":"System.String","Literal":"1917"}},{"Name":"Year Rebuilt","Value":{"Type":"System.String","Literal":"-"}},{"Name":"Registry Date","Value":{"Type":"System.String","Literal":"2008-07-07"}},{"Name":"Certificate Expires","Value":{"Type":"System.String","Literal":"2015-09-30"}},{"Name":"Number of Encumbrances","Value":{"Type":"System.Decimal","Literal":"0"}},{"Name":"Vessel Type","Value":{"Type":"System.String","Literal":"BARGE"}},{"Name":"Gross Tonnage (t)","Value":{"Type":"System.Decimal","Literal":"1352.999999534080"}},{"Name":"Net Tonnage (t)","Value":{"Type":"System.Decimal","Literal":"405.999999873240"}},{"Name":"Construction Type","Value":{"Type":"System.String","Literal":"CARVEL/FLUSH"}},{"Name":"Construction Material","Value":{"Type":"System.String","Literal":"STEEL"}},{"Name":"Vessel Length (m)","Value":{"Type":"System.Decimal","Literal":"40.96"}},{"Name":"Vessel Breadth (m)","Value":{"Type":"System.Decimal","Literal":"25.91"}},{"Name":"Vessel Depth (m)","Value":{"Type":"System.Decimal","Literal":"4.57"}},{"Name":"Engine Description","Value":{"Type":"System.String","Literal":"NONE"}},{"Name":"Number of Engines","Value":{"Type":"System.String","Literal":"0"}},{"Name":"Propulsion Type","Value":{"Type":"System.String","Literal":"NON-PROPELLED"}},{"Name":"Speed (knots)","Value":{"Type":"System.Decimal","Literal":"0"}},{"Name":"Propulsion Method","Value":{"Type":"System.String","Literal":"NONE"}},{"Name":"Propulsion Power","Value":{"Type":"System.String","Literal":"0"}},{"Name":"Unit of Power","Value":{"Type":"System.String","Literal":"NONE"}},{"Name":"Builder Name","Value":{"Type":"System.String","Literal":"AMIX SALVAGE & SALES LTD."}},{"Name":"Builder Address 1","Value":{"Type":"System.String","Literal":"12301 MUSQUEAM DRIVE"}},{"Name":"Builder Address 2","Value":{"Type":"System.String","Literal":""}},{"Name":"Builder Address 3","Value":{"Type":"System.String","Literal":""}},{"Name":"Builder City","Value":{"Type":"System.String","Literal":"SURREY"}},{"Name":"Builder Prov. Code","Value":{"Type":"System.String","Literal":"BC"}},{"Name":"Builder State / Province","Value":{"Type":"System.String","Literal":"BRITISH COLUMBIA"}},{"Name":"Builder Country Code","Value":{"Type":"System.String","Literal":"020"}},{"Name":"Builder Country","Value":{"Type":"System.String","Literal":"CANADA"}},{"Name":"Builder Postal Code","Value":{"Type":"System.String","Literal":"V3V 3T2"}}],[{"Name":"Official Number","Value":{"Type":"System.String","Literal":"838952"}},{"Name":"Vessel Name","Value":{"Type":"System.String","Literal":"TB 6"}},{"Name":"Port of Registry","Value":{"Type":"System.String","Literal":"ST. JOHN'S NL"}},{"Name":"Status","Value":{"Type":"System.String","Literal":"REGISTERED"}},{"Name":"Former Vessel Name","Value":{"Type":"System.String","Literal":"-"}},{"Name":"IMO Number","Value":{"Type":"System.String","Literal":"-"}},{"Name":"Hull Number","Value":{"Type":"System.String","Literal":"-"}},{"Name":"Year Built","Value":{"Type":"System.String","Literal":"1993"}},{"Name":"Year Rebuilt","Value":{"Type":"System.String","Literal":"-"}},{"Name":"Registry Date","Value":{"Type":"System.String","Literal":"2015-04-08"}},{"Name":"Certificate Expires","Value":{"Type":"System.String","Literal":"2018-04-30"}},{"Name":"Number of Encumbrances","Value":{"Type":"System.Decimal","Literal":"0"}},{"Name":"Vessel Type","Value":{"Type":"System.String","Literal":"BARGE"}},{"Name":"Gross Tonnage (t)","Value":{"Type":"System.Decimal","Literal":"168.000000678192"}},{"Name":"Net Tonnage (t)","Value":{"Type":"System.Decimal","Literal":"168.000000678192"}},{"Name":"Construction Type","Value":{"Type":"System.String","Literal":"WELDED"}},{"Name":"Construction Material","Value":{"Type":"System.String","Literal":"STEEL"}},{"Name":"Vessel Length (m)","Value":{"Type":"System.Decimal","Literal":"20"}},{"Name":"Vessel Breadth (m)","Value":{"Type":"System.Decimal","Literal":"12"}},{"Name":"Vessel Depth (m)","Value":{"Type":"System.Decimal","Literal":"3.50"}},{"Name":"Engine Description","Value":{"Type":"System.String","Literal":"-"}},{"Name":"Number of Engines","Value":{"Type":"System.String","Literal":"-"}},{"Name":"Propulsion Type","Value":{"Type":"System.String","Literal":"NON-PROPELLED"}},{"Name":"Speed (knots)","Value":{"Type":"System.String","Literal":""}},{"Name":"Propulsion Method","Value":{"Type":"System.String","Literal":"NONE"}},{"Name":"Propulsion Power","Value":{"Type":"System.String","Literal":"-"}},{"Name":"Unit of Power","Value":{"Type":"System.String","Literal":"-"}},{"Name":"Builder Name","Value":{"Type":"System.String","Literal":"MARYSTOWN SHIPYARD LIMITED"}},{"Name":"Builder Address 1","Value":{"Type":"System.String","Literal":"MARYSTOWN"}},{"Name":"Builder Address 2","Value":{"Type":"System.String","Literal":""}},{"Name":"Builder Address 3","Value":{"Type":"System.String","Literal":""}},{"Name":"Builder City","Value":{"Type":"System.String","Literal":"ST. JOHN'S"}},{"Name":"Builder Prov. Code","Value":{"Type":"System.String","Literal":"NL"}},{"Name":"Builder State / Province","Value":{"Type":"System.String","Literal":"NEWFOUNDLAND AND LABRADOR"}},{"Name":"Builder Country Code","Value":{"Type":"System.String","Literal":"020"}},{"Name":"Builder Country","Value":{"Type":"System.String","Literal":"CANADA"}},{"Name":"Builder Postal Code","Value":{"Type":"System.String","Literal":"A0E 2M0"}}],[{"Name":"Official Number","Value":{"Type":"System.String","Literal":"836305"}},{"Name":"Vessel Name","Value":{"Type":"System.String","Literal":"SPILSBURY"}},{"Name":"Port of Registry","Value":{"Type":"System.String","Literal":"VICTORIA"}},{"Name":"Status","Value":{"Type":"System.String","Literal":"REGISTERED"}},{"Name":"Former Vessel Name","Value":{"Type":"System.String","Literal":"2013-06"}},{"Name":"IMO Number","Value":{"Type":"System.String","Literal":"-"}},{"Name":"Hull Number","Value":{"Type":"System.String","Literal":"UNKNOWN"}},{"Name":"Year Built","Value":{"Type":"System.String","Literal":"1985"}},{"Name":"Year Rebuilt","Value":{"Type":"System.String","Literal":"-"}},{"Name":"Registry Date","Value":{"Type":"System.String","Literal":"2015-04-02"}},{"Name":"Certificate Expires","Value":{"Type":"System.String","Literal":"2018-04-30"}},{"Name":"Number of Encumbrances","Value":{"Type":"System.Decimal","Literal":"0"}},{"Name":"Vessel Type","Value":{"Type":"System.String","Literal":"WORKBOAT"}},{"Name":"Gross Tonnage (t)","Value":{"Type":"System.Decimal","Literal":"17.839999496896"}},{"Name":"Net Tonnage (t)","Value":{"Type":"System.Decimal","Literal":"13.379999622672"}},{"Name":"Construction Type","Value":{"Type":"System.String","Literal":"CARVEL/FLUSH"}},{"Name":"Construction Material","Value":{"Type":"System.String","Literal":"ALUMINUM"}},{"Name":"Vessel Length (m)","Value":{"Type":"System.Decimal","Literal":"12.10"}},{"Name":"Vessel Breadth (m)","Value":{"Type":"System.Decimal","Literal":"4.13"}},{"Name":"Vessel Depth (m)","Value":{"Type":"System.Decimal","Literal":"2.06"}},{"Name":"Engine Description","Value":{"Type":"System.String","Literal":"DIESEL"}},{"Name":"Number of Engines","Value":{"Type":"System.String","Literal":"2"}},{"Name":"Propulsion Type","Value":{"Type":"System.String","Literal":"SELF-PROPELLED"}},{"Name":"Speed (knots)","Value":{"Type":"System.Decimal","Literal":"26"}},{"Name":"Propulsion Method","Value":{"Type":"System.String","Literal":"TWIN SCREW"}},{"Name":"Propulsion Power","Value":{"Type":"System.String","Literal":"671"}},{"Name":"Unit of Power","Value":{"Type":"System.String","Literal":"KILOWATTS"}},{"Name":"Builder Name","Value":{"Type":"System.String","Literal":"MATSUMOTO SHIPYARDS LIMITED"}},{"Name":"Builder Address 1","Value":{"Type":"System.String","Literal":"3829 DOLLARTON HWY"}},{"Name":"Builder Address 2","Value":{"Type":"System.String","Literal":""}},{"Name":"Builder Address 3","Value":{"Type":"System.String","Literal":""}},{"Name":"Builder City","Value":{"Type":"System.String","Literal":"NORTH VANCOUVER"}},{"Name":"Builder Prov. Code","Value":{"Type":"System.String","Literal":"BC"}},{"Name":"Builder State / Province","Value":{"Type":"System.String","Literal":"BRITISH COLUMBIA"}},{"Name":"Builder Country Code","Value":{"Type":"System.String","Literal":"020"}},{"Name":"Builder Country","Value":{"Type":"System.String","Literal":"CANADA"}},{"Name":"Builder Postal Code","Value":{"Type":"System.String","Literal":"V7G 1A1"}}],[{"Name":"Official Number","Value":{"Type":"System.String","Literal":"835935"}},{"Name":"Vessel Name","Value":{"Type":"System.String","Literal":"MARINE CONTRACTORS ONE"}},{"Name":"Port of Registry","Value":{"Type":"System.String","Literal":"ST. JOHN'S NL"}},{"Name":"Status","Value":{"Type":"System.String","Literal":"REGISTERED"}},{"Name":"Former Vessel Name","Value":{"Type":"System.String","Literal":"-"}},{"Name":"IMO Number","Value":{"Type":"System.String","Literal":"-"}},{"Name":"Hull Number","Value":{"Type":"System.String","Literal":"-"}},{"Name":"Year Built","Value":{"Type":"System.String","Literal":"1982"}},{"Name":"Year Rebuilt","Value":{"Type":"System.String","Literal":"-"}},{"Name":"Registry Date","Value":{"Type":"System.String","Literal":"2011-09-23"}},{"Name":"Certificate Expires","Value":{"Type":"System.String","Literal":"2017-09-30"}},{"Name":"Number of Encumbrances","Value":{"Type":"System.Decimal","Literal":"0"}},{"Name":"Vessel Type","Value":{"Type":"System.String","Literal":"BARGE"}},{"Name":"Gross Tonnage (t)","Value":{"Type":"System.Decimal","Literal":"86.230000276208"}},{"Name":"Net Tonnage (t)","Value":{"Type":"System.Decimal","Literal":"86.230000276208"}},{"Name":"Construction Type","Value":{"Type":"System.String","Literal":"CARVEL/FLUSH"}},{"Name":"Construction Material","Value":{"Type":"System.String","Literal":"STEEL"}},{"Name":"Vessel Length (m)","Value":{"Type":"System.Decimal","Literal":"12.20"}},{"Name":"Vessel Breadth (m)","Value":{"Type":"System.Decimal","Literal":"18.60"}},{"Name":"Vessel Depth (m)","Value":{"Type":"System.Decimal","Literal":"1.90"}},{"Name":"Engine Description","Value":{"Type":"System.String","Literal":"-"}},{"Name":"Number of Engines","Value":{"Type":"System.String","Literal":"0"}},{"Name":"Propulsion Type","Value":{"Type":"System.String","Literal":"NON-PROPELLED"}},{"Name":"Speed (knots)","Value":{"Type":"System.String","Literal":""}},{"Name":"Propulsion Method","Value":{"Type":"System.String","Literal":"NONE"}},{"Name":"Propulsion Power","Value":{"Type":"System.String","Literal":"-"}},{"Name":"Unit of Power","Value":{"Type":"System.String","Literal":"-"}},{"Name":"Builder Name","Value":{"Type":"System.String","Literal":"DIAMOND EQUIPMENT LIMITED"}},{"Name":"Builder Address 1","Value":{"Type":"System.String","Literal":""}},{"Name":"Builder Address 2","Value":{"Type":"System.String","Literal":""}},{"Name":"Builder Address 3","Value":{"Type":"System.String","Literal":""}},{"Name":"Builder City","Value":{"Type":"System.String","Literal":"FREDERICTON"}},{"Name":"Builder Prov. Code","Value":{"Type":"System.String","Literal":"NB"}},{"Name":"Builder State / Province","Value":{"Type":"System.String","Literal":"NEW BRUNSWICK"}},{"Name":"Builder Country Code","Value":{"Type":"System.String","Literal":"020"}},{"Name":"Builder Country","Value":{"Type":"System.String","Literal":"CANADA"}},{"Name":"Builder Postal Code","Value":{"Type":"System.String","Literal":"-"}}],[{"Name":"Official Number","Value":{"Type":"System.String","Literal":"836402"}},{"Name":"Vessel Name","Value":{"Type":"System.String","Literal":"E.J.GROVES"}},{"Name":"Port of Registry","Value":{"Type":"System.String","Literal":"TORONTO"}},{"Name":"Status","Value":{"Type":"System.String","Literal":"REGISTERED"}},{"Name":"Former Vessel Name","Value":{"Type":"System.String","Literal":"-"}},{"Name":"IMO Number","Value":{"Type":"System.String","Literal":"-"}},{"Name":"Hull Number","Value":{"Type":"System.String","Literal":"-"}},{"Name":"Year Built","Value":{"Type":"System.String","Literal":"1995"}},{"Name":"Year Rebuilt","Value":{"Type":"System.String","Literal":"-"}},{"Name":"Registry Date","Value":{"Type":"System.String","Literal":"2012-03-22"}},{"Name":"Certificate Expires","Value":{"Type":"System.String","Literal":"2017-07-31"}},{"Name":"Number of Encumbrances","Value":{"Type":"System.Decimal","Literal":"0"}},{"Name":"Vessel Type","Value":{"Type":"System.String","Literal":"WORKBOAT"}},{"Name":"Gross Tonnage (t)","Value":{"Type":"System.Decimal","Literal":"53.040000547080"}},{"Name":"Net Tonnage (t)","Value":{"Type":"System.Decimal","Literal":"39.779999527448"}},{"Name":"Construction Type","Value":{"Type":"System.String","Literal":"CARVEL/FLUSH"}},{"Name":"Construction Material","Value":{"Type":"System.String","Literal":"STEEL"}},{"Name":"Vessel Length (m)","Value":{"Type":"System.Decimal","Literal":"19.10"}},{"Name":"Vessel Breadth (m)","Value":{"Type":"System.Decimal","Literal":"5.94"}},{"Name":"Vessel Depth (m)","Value":{"Type":"System.Decimal","Literal":"1.62"}},{"Name":"Engine Description","Value":{"Type":"System.String","Literal":"DIESEL"}},{"Name":"Number of Engines","Value":{"Type":"System.String","Literal":"1"}},{"Name":"Propulsion Type","Value":{"Type":"System.String","Literal":"SELF-PROPELLED"}},{"Name":"Speed (knots)","Value":{"Type":"System.Decimal","Literal":"9"}},{"Name":"Propulsion Method","Value":{"Type":"System.String","Literal":"SINGLE SCREW"}},{"Name":"Propulsion Power","Value":{"Type":"System.String","Literal":"224"}},{"Name":"Unit of Power","Value":{"Type":"System.String","Literal":"KILOWATTS"}},{"Name":"Builder Name","Value":{"Type":"System.String","Literal":"MARGRO CUSTOM HAULAGE LIMITED"}},{"Name":"Builder Address 1","Value":{"Type":"System.String","Literal":"RR2"}},{"Name":"Builder Address 2","Value":{"Type":"System.String","Literal":""}},{"Name":"Builder Address 3","Value":{"Type":"System.String","Literal":""}},{"Name":"Builder City","Value":{"Type":"System.String","Literal":"PARRY SOUND"}},{"Name":"Builder Prov. Code","Value":{"Type":"System.String","Literal":"ON"}},{"Name":"Builder State / Province","Value":{"Type":"System.String","Literal":"ONTARIO"}},{"Name":"Builder Country Code","Value":{"Type":"System.String","Literal":"020"}},{"Name":"Builder Country","Value":{"Type":"System.String","Literal":"CANADA"}},{"Name":"Builder Postal Code","Value":{"Type":"System.String","Literal":"P2A 2W8"}}],[{"Name":"Official Number","Value":{"Type":"System.String","Literal":"837308"}},{"Name":"Vessel Name","Value":{"Type":"System.String","Literal":"STRAIT RAVEN"}},{"Name":"Port of Registry","Value":{"Type":"System.String","Literal":"ST. JOHN'S NL"}},{"Name":"Status","Value":{"Type":"System.String","Literal":"REGISTERED"}},{"Name":"Former Vessel Name","Value":{"Type":"System.String","Literal":"-"}},{"Name":"IMO Number","Value":{"Type":"System.String","Literal":"-"}},{"Name":"Hull Number","Value":{"Type":"System.String","Literal":"TBN-HULL21"}},{"Name":"Year Built","Value":{"Type":"System.String","Literal":"2013"}},{"Name":"Year Rebuilt","Value":{"Type":"System.String","Literal":"-"}},{"Name":"Registry Date","Value":{"Type":"System.String","Literal":"2013-03-28"}},{"Name":"Certificate Expires","Value":{"Type":"System.String","Literal":"2016-04-30"}},{"Name":"Number of Encumbrances","Value":{"Type":"System.Decimal","Literal":"3"}},{"Name":"Vessel Type","Value":{"Type":"System.String","Literal":"TUG"}},{"Name":"Gross Tonnage (t)","Value":{"Type":"System.Decimal","Literal":"90.339998339152"}},{"Name":"Net Tonnage (t)","Value":{"Type":"System.Decimal","Literal":"67.760001050456"}},{"Name":"Construction Type","Value":{"Type":"System.String","Literal":"MOULDED"}},{"Name":"Construction Material","Value":{"Type":"System.String","Literal":"STEEL"}},{"Name":"Vessel Length (m)","Value":{"Type":"System.Decimal","Literal":"18.79"}},{"Name":"Vessel Breadth (m)","Value":{"Type":"System.Decimal","Literal":"6.09"}},{"Name":"Vessel Depth (m)","Value":{"Type":"System.Decimal","Literal":"3.37"}},{"Name":"Engine Description","Value":{"Type":"System.String","Literal":"DIESEL"}},{"Name":"Number of Engines","Value":{"Type":"System.String","Literal":"2"}},{"Name":"Propulsion Type","Value":{"Type":"System.String","Literal":"SELF-PROPELLED"}},{"Name":"Speed (knots)","Value":{"Type":"System.Decimal","Literal":"10"}},{"Name":"Propulsion Method","Value":{"Type":"System.String","Literal":"TWIN SCREW"}},{"Name":"Propulsion Power","Value":{"Type":"System.String","Literal":"339"}},{"Name":"Unit of Power","Value":{"Type":"System.String","Literal":"KILOWATTS"}},{"Name":"Builder Name","Value":{"Type":"System.String","Literal":"SUPERPORT MARINE SERVICES LIMITED"}},{"Name":"Builder Address 1","Value":{"Type":"System.String","Literal":"30 WATER ST"}},{"Name":"Builder Address 2","Value":{"Type":"System.String","Literal":""}},{"Name":"Builder Address 3","Value":{"Type":"System.String","Literal":""}},{"Name":"Builder City","Value":{"Type":"System.String","Literal":"PORT HAWKESBURY"}},{"Name":"Builder Prov. Code","Value":{"Type":"System.String","Literal":"NS"}},{"Name":"Builder State / Province","Value":{"Type":"System.String","Literal":"NOVA SCOTIA"}},{"Name":"Builder Country Code","Value":{"Type":"System.String","Literal":"020"}},{"Name":"Builder Country","Value":{"Type":"System.String","Literal":"CANADA"}},{"Name":"Builder Postal Code","Value":{"Type":"System.String","Literal":"B9A 3L1"}}],[{"Name":"Official Number","Value":{"Type":"System.String","Literal":"838295"}},{"Name":"Vessel Name","Value":{"Type":"System.String","Literal":"MY WAY"}},{"Name":"Port of Registry","Value":{"Type":"System.String","Literal":"MONTREAL"}},{"Name":"Status","Value":{"Type":"System.String","Literal":"REGISTERED"}},{"Name":"Former Vessel Name","Value":{"Type":"System.String","Literal":"-"}},{"Name":"IMO Number","Value":{"Type":"System.String","Literal":"-"}},{"Name":"Hull Number","Value":{"Type":"System.String","Literal":"258-80"}},{"Name":"Year Built","Value":{"Type":"System.String","Literal":"1980"}},{"Name":"Year Rebuilt","Value":{"Type":"System.String","Literal":"-"}},{"Name":"Registry Date","Value":{"Type":"System.String","Literal":"2014-07-08"}},{"Name":"Certificate Expires","Value":{"Type":"System.String","Literal":"2017-07-31"}},{"Name":"Number of Encumbrances","Value":{"Type":"System.Decimal","Literal":"0"}},{"Name":"Vessel Type","Value":{"Type":"System.String","Literal":"PLEASURE CRAFT"}},{"Name":"Gross Tonnage (t)","Value":{"Type":"System.Decimal","Literal":"14.990000891664"}},{"Name":"Net Tonnage (t)","Value":{"Type":"System.String","Literal":""}},{"Name":"Construction Type","Value":{"Type":"System.String","Literal":"MOULDED"}},{"Name":"Construction Material","Value":{"Type":"System.String","Literal":"FABRIC/GRP"}},{"Name":"Vessel Length (m)","Value":{"Type":"System.Decimal","Literal":"11.58"}},{"Name":"Vessel Breadth (m)","Value":{"Type":"System.String","Literal":""}},{"Name":"Vessel Depth (m)","Value":{"Type":"System.String","Literal":""}},{"Name":"Engine Description","Value":{"Type":"System.String","Literal":"-"}},{"Name":"Number of Engines","Value":{"Type":"System.String","Literal":"-"}},{"Name":"Propulsion Type","Value":{"Type":"System.String","Literal":"AUXILIARY"}},{"Name":"Speed (knots)","Value":{"Type":"System.String","Literal":""}},{"Name":"Propulsion Method","Value":{"Type":"System.String","Literal":"SINGLE SCREW"}},{"Name":"Propulsion Power","Value":{"Type":"System.String","Literal":"-"}},{"Name":"Unit of Power","Value":{"Type":"System.String","Literal":"-"}},{"Name":"Builder Name","Value":{"Type":"System.String","Literal":"HUGHES BOAT WORKS LIMITED"}},{"Name":"Builder Address 1","Value":{"Type":"System.String","Literal":"HURON INDUSTRIAL PARK"}},{"Name":"Builder Address 2","Value":{"Type":"System.String","Literal":""}},{"Name":"Builder Address 3","Value":{"Type":"System.String","Literal":""}},{"Name":"Builder City","Value":{"Type":"System.String","Literal":"HURON PARK"}},{"Name":"Builder Prov. Code","Value":{"Type":"System.String","Literal":"ON"}},{"Name":"Builder State / Province","Value":{"Type":"System.String","Literal":"ONTARIO"}},{"Name":"Builder Country Code","Value":{"Type":"System.String","Literal":"020"}},{"Name":"Builder Country","Value":{"Type":"System.String","Literal":"CANADA"}},{"Name":"Builder Postal Code","Value":{"Type":"System.String","Literal":"N0M 1Y0"}}],[{"Name":"Official Number","Value":{"Type":"System.String","Literal":"831364"}},{"Name":"Vessel Name","Value":{"Type":"System.String","Literal":"SPRING FEVER 07"}},{"Name":"Port of Registry","Value":{"Type":"System.String","Literal":"CHARLOTTETOWN"}},{"Name":"Status","Value":{"Type":"System.String","Literal":"REGISTERED"}},{"Name":"Former Vessel Name","Value":{"Type":"System.String","Literal":"-"}},{"Name":"IMO Number","Value":{"Type":"System.String","Literal":"-"}},{"Name":"Hull Number","Value":{"Type":"System.String","Literal":"-"}},{"Name":"Year Built","Value":{"Type":"System.String","Literal":"2007"}},{"Name":"Year Rebuilt","Value":{"Type":"System.String","Literal":"-"}},{"Name":"Registry Date","Value":{"Type":"System.String","Literal":"2007-05-15"}},{"Name":"Certificate Expires","Value":{"Type":"System.String","Literal":"2017-05-31"}},{"Name":"Number of Encumbrances","Value":{"Type":"System.Decimal","Literal":"1"}},{"Name":"Vessel Type","Value":{"Type":"System.String","Literal":"FISHING"}},{"Name":"Gross Tonnage (t)","Value":{"Type":"System.Decimal","Literal":"14.960001240904"}},{"Name":"Net Tonnage (t)","Value":{"Type":"System.Decimal","Literal":"11.220000047816"}},{"Name":"Construction Type","Value":{"Type":"System.String","Literal":"MOULDED"}},{"Name":"Construction Material","Value":{"Type":"System.String","Literal":"REINFORCED PLASTIC"}},{"Name":"Vessel Length (m)","Value":{"Type":"System.Decimal","Literal":"12.14"}},{"Name":"Vessel Breadth (m)","Value":{"Type":"System.Decimal","Literal":"4.59"}},{"Name":"Vessel Depth (m)","Value":{"Type":"System.Decimal","Literal":"1.67"}},{"Name":"Engine Description","Value":{"Type":"System.String","Literal":"DIESEL"}},{"Name":"Number of Engines","Value":{"Type":"System.String","Literal":"1"}},{"Name":"Propulsion Type","Value":{"Type":"System.String","Literal":"SELF-PROPELLED"}},{"Name":"Speed (knots)","Value":{"Type":"System.Decimal","Literal":"20"}},{"Name":"Propulsion Method","Value":{"Type":"System.String","Literal":"SINGLE SCREW"}},{"Name":"Propulsion Power","Value":{"Type":"System.String","Literal":"325"}},{"Name":"Unit of Power","Value":{"Type":"System.String","Literal":"KILOWATTS"}},{"Name":"Builder Name","Value":{"Type":"System.String","Literal":"HUTT BROS. LIMITED"}},{"Name":"Builder Address 1","Value":{"Type":"System.String","Literal":"RR 2"}},{"Name":"Builder Address 2","Value":{"Type":"System.String","Literal":""}},{"Name":"Builder Address 3","Value":{"Type":"System.String","Literal":""}},{"Name":"Builder City","Value":{"Type":"System.String","Literal":"NORTHPORT"}},{"Name":"Builder Prov. Code","Value":{"Type":"System.String","Literal":"PE"}},{"Name":"Builder State / Province","Value":{"Type":"System.String","Literal":"PRINCE EDWARD ISLAND"}},{"Name":"Builder Country Code","Value":{"Type":"System.String","Literal":"020"}},{"Name":"Builder Country","Value":{"Type":"System.String","Literal":"CANADA"}},{"Name":"Builder Postal Code","Value":{"Type":"System.String","Literal":"C0B 1B0"}}],[{"Name":"Official Number","Value":{"Type":"System.String","Literal":"831476"}},{"Name":"Vessel Name","Value":{"Type":"System.String","Literal":"WHIZZ BANG"}},{"Name":"Port of Registry","Value":{"Type":"System.String","Literal":"CHARLOTTETOWN"}},{"Name":"Status","Value":{"Type":"System.String","Literal":"REGISTERED"}},{"Name":"Former Vessel Name","Value":{"Type":"System.String","Literal":"-"}},{"Name":"IMO Number","Value":{"Type":"System.String","Literal":"-"}},{"Name":"Hull Number","Value":{"Type":"System.String","Literal":"-"}},{"Name":"Year Built","Value":{"Type":"System.String","Literal":"2006"}},{"Name":"Year Rebuilt","Value":{"Type":"System.String","Literal":"-"}},{"Name":"Registry Date","Value":{"Type":"System.String","Literal":"2007-06-01"}},{"Name":"Certificate Expires","Value":{"Type":"System.String","Literal":"2016-06-30"}},{"Name":"Number of Encumbrances","Value":{"Type":"System.Decimal","Literal":"1"}},{"Name":"Vessel Type","Value":{"Type":"System.String","Literal":"FISHING"}},{"Name":"Gross Tonnage (t)","Value":{"Type":"System.Decimal","Literal":"14.609999429624"}},{"Name":"Net Tonnage (t)","Value":{"Type":"System.Decimal","Literal":"10.960000720264"}},{"Name":"Construction Type","Value":{"Type":"System.String","Literal":"MOULDED"}},{"Name":"Construction Material","Value":{"Type":"System.String","Literal":"REINFORCED PLASTIC"}},{"Name":"Vessel Length (m)","Value":{"Type":"System.Decimal","Literal":"12.14"}},{"Name":"Vessel Breadth (m)","Value":{"Type":"System.Decimal","Literal":"4.59"}},{"Name":"Vessel Depth (m)","Value":{"Type":"System.Decimal","Literal":"1.67"}},{"Name":"Engine Description","Value":{"Type":"System.String","Literal":"DIESEL"}},{"Name":"Number of Engines","Value":{"Type":"System.String","Literal":"1"}},{"Name":"Propulsion Type","Value":{"Type":"System.String","Literal":"SELF-PROPELLED"}},{"Name":"Speed (knots)","Value":{"Type":"System.Decimal","Literal":"18"}},{"Name":"Propulsion Method","Value":{"Type":"System.String","Literal":"SINGLE SCREW"}},{"Name":"Propulsion Power","Value":{"Type":"System.String","Literal":"261"}},{"Name":"Unit of Power","Value":{"Type":"System.String","Literal":"KILOWATTS"}},{"Name":"Builder Name","Value":{"Type":"System.String","Literal":"HUTT BROS. LIMITED"}},{"Name":"Builder Address 1","Value":{"Type":"System.String","Literal":"RR 2"}},{"Name":"Builder Address 2","Value":{"Type":"System.String","Literal":""}},{"Name":"Builder Address 3","Value":{"Type":"System.String","Literal":""}},{"Name":"Builder City","Value":{"Type":"System.String","Literal":"NORTHPORT"}},{"Name":"Builder Prov. Code","Value":{"Type":"System.String","Literal":"PE"}},{"Name":"Builder State / Province","Value":{"Type":"System.String","Literal":"PRINCE EDWARD ISLAND"}},{"Name":"Builder Country Code","Value":{"Type":"System.String","Literal":"020"}},{"Name":"Builder Country","Value":{"Type":"System.String","Literal":"CANADA"}},{"Name":"Builder Postal Code","Value":{"Type":"System.String","Literal":"C0B 1B0"}}],[{"Name":"Official Number","Value":{"Type":"System.String","Literal":"831362"}},{"Name":"Vessel Name","Value":{"Type":"System.String","Literal":"SPLISH SPLASH 007"}},{"Name":"Port of Registry","Value":{"Type":"System.String","Literal":"CHARLOTTETOWN"}},{"Name":"Status","Value":{"Type":"System.String","Literal":"REGISTERED"}},{"Name":"Former Vessel Name","Value":{"Type":"System.String","Literal":"-"}},{"Name":"IMO Number","Value":{"Type":"System.String","Literal":"-"}},{"Name":"Hull Number","Value":{"Type":"System.String","Literal":"-"}},{"Name":"Year Built","Value":{"Type":"System.String","Literal":"2007"}},{"Name":"Year Rebuilt","Value":{"Type":"System.String","Literal":"-"}},{"Name":"Registry Date","Value":{"Type":"System.String","Literal":"2007-05-15"}},{"Name":"Certificate Expires","Value":{"Type":"System.String","Literal":"2016-05-31"}},{"Name":"Number of Encumbrances","Value":{"Type":"System.Decimal","Literal":"0"}},{"Name":"Vessel Type","Value":{"Type":"System.String","Literal":"FISHING"}},{"Name":"Gross Tonnage (t)","Value":{"Type":"System.Decimal","Literal":"14.930001590144"}},{"Name":"Net Tonnage (t)","Value":{"Type":"System.Decimal","Literal":"11.200001457792"}},{"Name":"Construction Type","Value":{"Type":"System.String","Literal":"MOULDED"}},{"Name":"Construction Material","Value":{"Type":"System.String","Literal":"REINFORCED PLASTIC"}},{"Name":"Vessel Length (m)","Value":{"Type":"System.Decimal","Literal":"12.14"}},{"Name":"Vessel Breadth (m)","Value":{"Type":"System.Decimal","Literal":"4.59"}},{"Name":"Vessel Depth (m)","Value":{"Type":"System.Decimal","Literal":"1.67"}},{"Name":"Engine Description","Value":{"Type":"System.String","Literal":"DIESEL"}},{"Name":"Number of Engines","Value":{"Type":"System.String","Literal":"1"}},{"Name":"Propulsion Type","Value":{"Type":"System.String","Literal":"SELF-PROPELLED"}},{"Name":"Speed (knots)","Value":{"Type":"System.Decimal","Literal":"23"}},{"Name":"Propulsion Method","Value":{"Type":"System.String","Literal":"SINGLE SCREW"}},{"Name":"Propulsion Power","Value":{"Type":"System.String","Literal":"492"}},{"Name":"Unit of Power","Value":{"Type":"System.String","Literal":"KILOWATTS"}},{"Name":"Builder Name","Value":{"Type":"System.String","Literal":"HUTT BROS. LIMITED"}},{"Name":"Builder Address 1","Value":{"Type":"System.String","Literal":"RR 2"}},{"Name":"Builder Address 2","Value":{"Type":"System.String","Literal":""}},{"Name":"Builder Address 3","Value":{"Type":"System.String","Literal":""}},{"Name":"Builder City","Value":{"Type":"System.String","Literal":"NORTHPORT"}},{"Name":"Builder Prov. Code","Value":{"Type":"System.String","Literal":"PE"}},{"Name":"Builder State / Province","Value":{"Type":"System.String","Literal":"PRINCE EDWARD ISLAND"}},{"Name":"Builder Country Code","Value":{"Type":"System.String","Literal":"020"}},{"Name":"Builder Country","Value":{"Type":"System.String","Literal":"CANADA"}},{"Name":"Builder Postal Code","Value":{"Type":"System.String","Literal":"C0B 1B0"}}],[{"Name":"Official Number","Value":{"Type":"System.String","Literal":"831356"}},{"Name":"Vessel Name","Value":{"Type":"System.String","Literal":"POT LUCK 06"}},{"Name":"Port of Registry","Value":{"Type":"System.String","Literal":"CHARLOTTETOWN"}},{"Name":"Status","Value":{"Type":"System.String","Literal":"REGISTERED"}},{"Name":"Former Vessel Name","Value":{"Type":"System.String","Literal":"-"}},{"Name":"IMO Number","Value":{"Type":"System.String","Literal":"-"}},{"Name":"Hull Number","Value":{"Type":"System.String","Literal":"-"}},{"Name":"Year Built","Value":{"Type":"System.String","Literal":"2005"}},{"Name":"Year Rebuilt","Value":{"Type":"System.String","Literal":"-"}},{"Name":"Registry Date","Value":{"Type":"System.String","Literal":"2007-05-14"}},{"Name":"Certificate Expires","Value":{"Type":"System.String","Literal":"2016-05-31"}},{"Name":"Number of Encumbrances","Value":{"Type":"System.Decimal","Literal":"1"}},{"Name":"Vessel Type","Value":{"Type":"System.String","Literal":"FISHING"}},{"Name":"Gross Tonnage (t)","Value":{"Type":"System.Decimal","Literal":"14.969998770192"}},{"Name":"Net Tonnage (t)","Value":{"Type":"System.Decimal","Literal":"11.230001108552"}},{"Name":"Construction Type","Value":{"Type":"System.String","Literal":"MOULDED"}},{"Name":"Construction Material","Value":{"Type":"System.String","Literal":"REINFORCED PLASTIC"}},{"Name":"Vessel Length (m)","Value":{"Type":"System.Decimal","Literal":"12.14"}},{"Name":"Vessel Breadth (m)","Value":{"Type":"System.Decimal","Literal":"4.59"}},{"Name":"Vessel Depth (m)","Value":{"Type":"System.Decimal","Literal":"1.67"}},{"Name":"Engine Description","Value":{"Type":"System.String","Literal":"DIESEL"}},{"Name":"Number of Engines","Value":{"Type":"System.String","Literal":"1"}},{"Name":"Propulsion Type","Value":{"Type":"System.String","Literal":"SELF-PROPELLED"}},{"Name":"Speed (knots)","Value":{"Type":"System.Decimal","Literal":"21"}},{"Name":"Propulsion Method","Value":{"Type":"System.String","Literal":"SINGLE SCREW"}},{"Name":"Propulsion Power","Value":{"Type":"System.String","Literal":"433"}},{"Name":"Unit of Power","Value":{"Type":"System.String","Literal":"KILOWATTS"}},{"Name":"Builder Name","Value":{"Type":"System.String","Literal":"HUTT BROS. LIMITED"}},{"Name":"Builder Address 1","Value":{"Type":"System.String","Literal":"RR 2"}},{"Name":"Builder Address 2","Value":{"Type":"System.String","Literal":""}},{"Name":"Builder Address 3","Value":{"Type":"System.String","Literal":""}},{"Name":"Builder City","Value":{"Type":"System.String","Literal":"NORTHPORT"}},{"Name":"Builder Prov. Code","Value":{"Type":"System.String","Literal":"PE"}},{"Name":"Builder State / Province","Value":{"Type":"System.String","Literal":"PRINCE EDWARD ISLAND"}},{"Name":"Builder Country Code","Value":{"Type":"System.String","Literal":"020"}},{"Name":"Builder Country","Value":{"Type":"System.String","Literal":"CANADA"}},{"Name":"Builder Postal Code","Value":{"Type":"System.String","Literal":"C0B 1B0"}}],[{"Name":"Official Number","Value":{"Type":"System.String","Literal":"831351"}},{"Name":"Vessel Name","Value":{"Type":"System.String","Literal":"KRISTA B."}},{"Name":"Port of Registry","Value":{"Type":"System.String","Literal":"CHARLOTTETOWN"}},{"Name":"Status","Value":{"Type":"System.String","Literal":"REGISTERED"}},{"Name":"Former Vessel Name","Value":{"Type":"System.String","Literal":"-"}},{"Name":"IMO Number","Value":{"Type":"System.String","Literal":"-"}},{"Name":"Hull Number","Value":{"Type":"System.String","Literal":"-"}},{"Name":"Year Built","Value":{"Type":"System.String","Literal":"2006"}},{"Name":"Year Rebuilt","Value":{"Type":"System.String","Literal":"-"}},{"Name":"Registry Date","Value":{"Type":"System.String","Literal":"2007-05-11"}},{"Name":"Certificate Expires","Value":{"Type":"System.String","Literal":"2016-05-31"}},{"Name":"Number of Encumbrances","Value":{"Type":"System.Decimal","Literal":"0"}},{"Name":"Vessel Type","Value":{"Type":"System.String","Literal":"FISHING"}},{"Name":"Gross Tonnage (t)","Value":{"Type":"System.Decimal","Literal":"14.850000167152"}},{"Name":"Net Tonnage (t)","Value":{"Type":"System.Decimal","Literal":"11.139998624824"}},{"Name":"Construction Type","Value":{"Type":"System.String","Literal":"MOULDED"}},{"Name":"Construction Material","Value":{"Type":"System.String","Literal":"REINFORCED PLASTIC"}},{"Name":"Vessel Length (m)","Value":{"Type":"System.Decimal","Literal":"12.14"}},{"Name":"Vessel Breadth (m)","Value":{"Type":"System.Decimal","Literal":"4.59"}},{"Name":"Vessel Depth (m)","Value":{"Type":"System.Decimal","Literal":"1.67"}},{"Name":"Engine Description","Value":{"Type":"System.String","Literal":"DIESEL"}},{"Name":"Number of Engines","Value":{"Type":"System.String","Literal":"1"}},{"Name":"Propulsion Type","Value":{"Type":"System.String","Literal":"SELF-PROPELLED"}},{"Name":"Speed (knots)","Value":{"Type":"System.Decimal","Literal":"21"}},{"Name":"Propulsion Method","Value":{"Type":"System.String","Literal":"SINGLE SCREW"}},{"Name":"Propulsion Power","Value":{"Type":"System.String","Literal":"373"}},{"Name":"Unit of Power","Value":{"Type":"System.String","Literal":"KILOWATTS"}},{"Name":"Builder Name","Value":{"Type":"System.String","Literal":"HUTT BROS. LIMITED"}},{"Name":"Builder Address 1","Value":{"Type":"System.String","Literal":"RR 2"}},{"Name":"Builder Address 2","Value":{"Type":"System.String","Literal":""}},{"Name":"Builder Address 3","Value":{"Type":"System.String","Literal":""}},{"Name":"Builder City","Value":{"Type":"System.String","Literal":"NORTHPORT"}},{"Name":"Builder Prov. Code","Value":{"Type":"System.String","Literal":"PE"}},{"Name":"Builder State / Province","Value":{"Type":"System.String","Literal":"PRINCE EDWARD ISLAND"}},{"Name":"Builder Country Code","Value":{"Type":"System.String","Literal":"020"}},{"Name":"Builder Country","Value":{"Type":"System.String","Literal":"CANADA"}},{"Name":"Builder Postal Code","Value":{"Type":"System.String","Literal":"C0B 1B0"}}],[{"Name":"Official Number","Value":{"Type":"System.String","Literal":"831506"}},{"Name":"Vessel Name","Value":{"Type":"System.String","Literal":"SALT WATER SURFER 07"}},{"Name":"Port of Registry","Value":{"Type":"System.String","Literal":"CHARLOTTETOWN"}},{"Name":"Status","Value":{"Type":"System.String","Literal":"REGISTERED"}},{"Name":"Former Vessel Name","Value":{"Type":"System.String","Literal":"-"}},{"Name":"IMO Number","Value":{"Type":"System.String","Literal":"-"}},{"Name":"Hull Number","Value":{"Type":"System.String","Literal":"-"}},{"Name":"Year Built","Value":{"Type":"System.String","Literal":"2006"}},{"Name":"Year Rebuilt","Value":{"Type":"System.String","Literal":"-"}},{"Name":"Registry Date","Value":{"Type":"System.String","Literal":"2007-06-07"}},{"Name":"Certificate Expires","Value":{"Type":"System.String","Literal":"2016-06-30"}},{"Name":"Number of Encumbrances","Value":{"Type":"System.Decimal","Literal":"1"}},{"Name":"Vessel Type","Value":{"Type":"System.String","Literal":"FISHING"}},{"Name":"Gross Tonnage (t)","Value":{"Type":"System.Decimal","Literal":"14.990000891664"}},{"Name":"Net Tonnage (t)","Value":{"Type":"System.Decimal","Literal":"11.239998637840"}},{"Name":"Construction Type","Value":{"Type":"System.String","Literal":"MOULDED"}},{"Name":"Construction Material","Value":{"Type":"System.String","Literal":"REINFORCED PLASTIC"}},{"Name":"Vessel Length (m)","Value":{"Type":"System.Decimal","Literal":"12.14"}},{"Name":"Vessel Breadth (m)","Value":{"Type":"System.Decimal","Literal":"4.59"}},{"Name":"Vessel Depth (m)","Value":{"Type":"System.Decimal","Literal":"1.67"}},{"Name":"Engine Description","Value":{"Type":"System.String","Literal":"DIESEL"}},{"Name":"Number of Engines","Value":{"Type":"System.String","Literal":"1"}},{"Name":"Propulsion Type","Value":{"Type":"System.String","Literal":"SELF-PROPELLED"}},{"Name":"Speed (knots)","Value":{"Type":"System.Decimal","Literal":"22"}},{"Name":"Propulsion Method","Value":{"Type":"System.String","Literal":"SINGLE SCREW"}},{"Name":"Propulsion Power","Value":{"Type":"System.String","Literal":"366"}},{"Name":"Unit of Power","Value":{"Type":"System.String","Literal":"KILOWATTS"}},{"Name":"Builder Name","Value":{"Type":"System.String","Literal":"HUTT BROS. LIMITED"}},{"Name":"Builder Address 1","Value":{"Type":"System.String","Literal":"RR 2"}},{"Name":"Builder Address 2","Value":{"Type":"System.String","Literal":""}},{"Name":"Builder Address 3","Value":{"Type":"System.String","Literal":""}},{"Name":"Builder City","Value":{"Type":"System.String","Literal":"NORTHPORT"}},{"Name":"Builder Prov. Code","Value":{"Type":"System.String","Literal":"PE"}},{"Name":"Builder State / Province","Value":{"Type":"System.String","Literal":"PRINCE EDWARD ISLAND"}},{"Name":"Builder Country Code","Value":{"Type":"System.String","Literal":"020"}},{"Name":"Builder Country","Value":{"Type":"System.String","Literal":"CANADA"}},{"Name":"Builder Postal Code","Value":{"Type":"System.String","Literal":"C0B 1B0"}}],[{"Name":"Official Number","Value":{"Type":"System.String","Literal":"831420"}},{"Name":"Vessel Name","Value":{"Type":"System.String","Literal":"GRACYN & THE BOYS I"}},{"Name":"Port of Registry","Value":{"Type":"System.String","Literal":"CHARLOTTETOWN"}},{"Name":"Status","Value":{"Type":"System.String","Literal":"REGISTERED"}},{"Name":"Former Vessel Name","Value":{"Type":"System.String","Literal":"-"}},{"Name":"IMO Number","Value":{"Type":"System.String","Literal":"-"}},{"Name":"Hull Number","Value":{"Type":"System.String","Literal":"-"}},{"Name":"Year Built","Value":{"Type":"System.String","Literal":"2005"}},{"Name":"Year Rebuilt","Value":{"Type":"System.String","Literal":"-"}},{"Name":"Registry Date","Value":{"Type":"System.String","Literal":"2007-05-25"}},{"Name":"Certificate Expires","Value":{"Type":"System.String","Literal":"2016-07-31"}},{"Name":"Number of Encumbrances","Value":{"Type":"System.Decimal","Literal":"1"}},{"Name":"Vessel Type","Value":{"Type":"System.String","Literal":"FISHING"}},{"Name":"Gross Tonnage (t)","Value":{"Type":"System.Decimal","Literal":"14.979999830928"}},{"Name":"Net Tonnage (t)","Value":{"Type":"System.Decimal","Literal":"11.239998637840"}},{"Name":"Construction Type","Value":{"Type":"System.String","Literal":"MOULDED"}},{"Name":"Construction Material","Value":{"Type":"System.String","Literal":"REINFORCED PLASTIC"}},{"Name":"Vessel Length (m)","Value":{"Type":"System.Decimal","Literal":"12.14"}},{"Name":"Vessel Breadth (m)","Value":{"Type":"System.Decimal","Literal":"4.59"}},{"Name":"Vessel Depth (m)","Value":{"Type":"System.Decimal","Literal":"1.67"}},{"Name":"Engine Description","Value":{"Type":"System.String","Literal":"DIESEL"}},{"Name":"Number of Engines","Value":{"Type":"System.String","Literal":"1"}},{"Name":"Propulsion Type","Value":{"Type":"System.String","Literal":"SELF-PROPELLED"}},{"Name":"Speed (knots)","Value":{"Type":"System.Decimal","Literal":"21"}},{"Name":"Propulsion Method","Value":{"Type":"System.String","Literal":"SINGLE SCREW"}},{"Name":"Propulsion Power","Value":{"Type":"System.String","Literal":"321"}},{"Name":"Unit of Power","Value":{"Type":"System.String","Literal":"KILOWATTS"}},{"Name":"Builder Name","Value":{"Type":"System.String","Literal":"HUTT BROS. LIMITED"}},{"Name":"Builder Address 1","Value":{"Type":"System.String","Literal":"RR 2"}},{"Name":"Builder Address 2","Value":{"Type":"System.String","Literal":""}},{"Name":"Builder Address 3","Value":{"Type":"System.String","Literal":""}},{"Name":"Builder City","Value":{"Type":"System.String","Literal":"NORTHPORT"}},{"Name":"Builder Prov. Code","Value":{"Type":"System.String","Literal":"PE"}},{"Name":"Builder State / Province","Value":{"Type":"System.String","Literal":"PRINCE EDWARD ISLAND"}},{"Name":"Builder Country Code","Value":{"Type":"System.String","Literal":"020"}},{"Name":"Builder Country","Value":{"Type":"System.String","Literal":"CANADA"}},{"Name":"Builder Postal Code","Value":{"Type":"System.String","Literal":"C0B 1B0"}}],[{"Name":"Official Number","Value":{"Type":"System.String","Literal":"831347"}},{"Name":"Vessel Name","Value":{"Type":"System.String","Literal":"IT TAKES TWO 06"}},{"Name":"Port of Registry","Value":{"Type":"System.String","Literal":"CHARLOTTETOWN"}},{"Name":"Status","Value":{"Type":"System.String","Literal":"REGISTERED"}},{"Name":"Former Vessel Name","Value":{"Type":"System.String","Literal":"-"}},{"Name":"IMO Number","Value":{"Type":"System.String","Literal":"-"}},{"Name":"Hull Number","Value":{"Type":"System.String","Literal":"-"}},{"Name":"Year Built","Value":{"Type":"System.String","Literal":"2006"}},{"Name":"Year Rebuilt","Value":{"Type":"System.String","Literal":"-"}},{"Name":"Registry Date","Value":{"Type":"System.String","Literal":"2007-05-10"}},{"Name":"Certificate Expires","Value":{"Type":"System.String","Literal":"2016-05-31"}},{"Name":"Number of Encumbrances","Value":{"Type":"System.Decimal","Literal":"1"}},{"Name":"Vessel Type","Value":{"Type":"System.String","Literal":"FISHING"}},{"Name":"Gross Tonnage (t)","Value":{"Type":"System.Decimal","Literal":"14.939999119432"}},{"Name":"Net Tonnage (t)","Value":{"Type":"System.Decimal","Literal":"11.209998987080"}},{"Name":"Construction Type","Value":{"Type":"System.String","Literal":"MOULDED"}},{"Name":"Construction Material","Value":{"Type":"System.String","Literal":"REINFORCED PLASTIC"}},{"Name":"Vessel Length (m)","Value":{"Type":"System.Decimal","Literal":"12.14"}},{"Name":"Vessel Breadth (m)","Value":{"Type":"System.Decimal","Literal":"4.59"}},{"Name":"Vessel Depth (m)","Value":{"Type":"System.Decimal","Literal":"1.67"}},{"Name":"Engine Description","Value":{"Type":"System.String","Literal":"DIESEL"}},{"Name":"Number of Engines","Value":{"Type":"System.String","Literal":"1"}},{"Name":"Propulsion Type","Value":{"Type":"System.String","Literal":"SELF-PROPELLED"}},{"Name":"Speed (knots)","Value":{"Type":"System.Decimal","Literal":"18"}},{"Name":"Propulsion Method","Value":{"Type":"System.String","Literal":"SINGLE SCREW"}},{"Name":"Propulsion Power","Value":{"Type":"System.String","Literal":"261"}},{"Name":"Unit of Power","Value":{"Type":"System.String","Literal":"KILOWATTS"}},{"Name":"Builder Name","Value":{"Type":"System.String","Literal":"HUTT BROS. LIMITED"}},{"Name":"Builder Address 1","Value":{"Type":"System.String","Literal":"RR 2"}},{"Name":"Builder Address 2","Value":{"Type":"System.String","Literal":""}},{"Name":"Builder Address 3","Value":{"Type":"System.String","Literal":""}},{"Name":"Builder City","Value":{"Type":"System.String","Literal":"NORTHPORT"}},{"Name":"Builder Prov. Code","Value":{"Type":"System.String","Literal":"PE"}},{"Name":"Builder State / Province","Value":{"Type":"System.String","Literal":"PRINCE EDWARD ISLAND"}},{"Name":"Builder Country Code","Value":{"Type":"System.String","Literal":"020"}},{"Name":"Builder Country","Value":{"Type":"System.String","Literal":"CANADA"}},{"Name":"Builder Postal Code","Value":{"Type":"System.String","Literal":"C0B 1B0"}}],[{"Name":"Official Number","Value":{"Type":"System.String","Literal":"830766"}},{"Name":"Vessel Name","Value":{"Type":"System.String","Literal":"SIZE MATTERS 06"}},{"Name":"Port of Registry","Value":{"Type":"System.String","Literal":"CHARLOTTETOWN"}},{"Name":"Status","Value":{"Type":"System.String","Literal":"REGISTERED"}},{"Name":"Former Vessel Name","Value":{"Type":"System.String","Literal":"-"}},{"Name":"IMO Number","Value":{"Type":"System.String","Literal":"-"}},{"Name":"Hull Number","Value":{"Type":"System.String","Literal":"-"}},{"Name":"Year Built","Value":{"Type":"System.String","Literal":"2006"}},{"Name":"Year Rebuilt","Value":{"Type":"System.String","Literal":"-"}},{"Name":"Registry Date","Value":{"Type":"System.String","Literal":"2006-10-20"}},{"Name":"Certificate Expires","Value":{"Type":"System.String","Literal":"2015-10-31"}},{"Name":"Number of Encumbrances","Value":{"Type":"System.Decimal","Literal":"1"}},{"Name":"Vessel Type","Value":{"Type":"System.String","Literal":"FISHING"}},{"Name":"Gross Tonnage (t)","Value":{"Type":"System.Decimal","Literal":"14.990000891664"}},{"Name":"Net Tonnage (t)","Value":{"Type":"System.Decimal","Literal":"11.239998637840"}},{"Name":"Construction Type","Value":{"Type":"System.String","Literal":"MOULDED"}},{"Name":"Construction Material","Value":{"Type":"System.String","Literal":"REINFORCED PLASTIC"}},{"Name":"Vessel Length (m)","Value":{"Type":"System.Decimal","Literal":"12.14"}},{"Name":"Vessel Breadth (m)","Value":{"Type":"System.Decimal","Literal":"4.59"}},{"Name":"Vessel Depth (m)","Value":{"Type":"System.Decimal","Literal":"1.67"}},{"Name":"Engine Description","Value":{"Type":"System.String","Literal":"DIESEL"}},{"Name":"Number of Engines","Value":{"Type":"System.String","Literal":"1"}},{"Name":"Propulsion Type","Value":{"Type":"System.String","Literal":"SELF-PROPELLED"}},{"Name":"Speed (knots)","Value":{"Type":"System.Decimal","Literal":"21"}},{"Name":"Propulsion Method","Value":{"Type":"System.String","Literal":"SINGLE SCREW"}},{"Name":"Propulsion Power","Value":{"Type":"System.String","Literal":"403"}},{"Name":"Unit of Power","Value":{"Type":"System.String","Literal":"KILOWATTS"}},{"Name":"Builder Name","Value":{"Type":"System.String","Literal":"HUTT BROS. LIMITED"}},{"Name":"Builder Address 1","Value":{"Type":"System.String","Literal":"RR 2"}},{"Name":"Builder Address 2","Value":{"Type":"System.String","Literal":""}},{"Name":"Builder Address 3","Value":{"Type":"System.String","Literal":""}},{"Name":"Builder City","Value":{"Type":"System.String","Literal":"NORTHPORT"}},{"Name":"Builder Prov. Code","Value":{"Type":"System.String","Literal":"PE"}},{"Name":"Builder State / Province","Value":{"Type":"System.String","Literal":"PRINCE EDWARD ISLAND"}},{"Name":"Builder Country Code","Value":{"Type":"System.String","Literal":"020"}},{"Name":"Builder Country","Value":{"Type":"System.String","Literal":"CANADA"}},{"Name":"Builder Postal Code","Value":{"Type":"System.String","Literal":"C0B 1B0"}}],[{"Name":"Official Number","Value":{"Type":"System.String","Literal":"829030"}},{"Name":"Vessel Name","Value":{"Type":"System.String","Literal":"PAPA'S GEM"}},{"Name":"Port of Registry","Value":{"Type":"System.String","Literal":"CHARLOTTETOWN"}},{"Name":"Status","Value":{"Type":"System.String","Literal":"REGISTERED"}},{"Name":"Former Vessel Name","Value":{"Type":"System.String","Literal":"-"}},{"Name":"IMO Number","Value":{"Type":"System.String","Literal":"-"}},{"Name":"Hull Number","Value":{"Type":"System.String","Literal":"-"}},{"Name":"Year Built","Value":{"Type":"System.String","Literal":"2006"}},{"Name":"Year Rebuilt","Value":{"Type":"System.String","Literal":"-"}},{"Name":"Registry Date","Value":{"Type":"System.String","Literal":"2006-06-28"}},{"Name":"Certificate Expires","Value":{"Type":"System.String","Literal":"2018-06-30"}},{"Name":"Number of Encumbrances","Value":{"Type":"System.Decimal","Literal":"1"}},{"Name":"Vessel Type","Value":{"Type":"System.String","Literal":"FISHING"}},{"Name":"Gross Tonnage (t)","Value":{"Type":"System.Decimal","Literal":"14.820000516392"}},{"Name":"Net Tonnage (t)","Value":{"Type":"System.Decimal","Literal":"11.1200000348"}},{"Name":"Construction Type","Value":{"Type":"System.String","Literal":"MOULDED"}},{"Name":"Construction Material","Value":{"Type":"System.String","Literal":"FABRIC/GRP"}},{"Name":"Vessel Length (m)","Value":{"Type":"System.Decimal","Literal":"12.14"}},{"Name":"Vessel Breadth (m)","Value":{"Type":"System.Decimal","Literal":"4.59"}},{"Name":"Vessel Depth (m)","Value":{"Type":"System.Decimal","Literal":"1.67"}},{"Name":"Engine Description","Value":{"Type":"System.String","Literal":"DIESEL"}},{"Name":"Number of Engines","Value":{"Type":"System.String","Literal":"1"}},{"Name":"Propulsion Type","Value":{"Type":"System.String","Literal":"SELF-PROPELLED"}},{"Name":"Speed (knots)","Value":{"Type":"System.Decimal","Literal":"23"}},{"Name":"Propulsion Method","Value":{"Type":"System.String","Literal":"SINGLE SCREW"}},{"Name":"Propulsion Power","Value":{"Type":"System.String","Literal":"373"}},{"Name":"Unit of Power","Value":{"Type":"System.String","Literal":"KILOWATTS"}},{"Name":"Builder Name","Value":{"Type":"System.String","Literal":"HUTT BROS. LIMITED"}},{"Name":"Builder Address 1","Value":{"Type":"System.String","Literal":"RR 2"}},{"Name":"Builder Address 2","Value":{"Type":"System.String","Literal":""}},{"Name":"Builder Address 3","Value":{"Type":"System.String","Literal":""}},{"Name":"Builder City","Value":{"Type":"System.String","Literal":"NORTHPORT"}},{"Name":"Builder Prov. Code","Value":{"Type":"System.String","Literal":"PE"}},{"Name":"Builder State / Province","Value":{"Type":"System.String","Literal":"PRINCE EDWARD ISLAND"}},{"Name":"Builder Country Code","Value":{"Type":"System.String","Literal":"020"}},{"Name":"Builder Country","Value":{"Type":"System.String","Literal":"CANADA"}},{"Name":"Builder Postal Code","Value":{"Type":"System.String","Literal":"C0B 1B0"}}],[{"Name":"Official Number","Value":{"Type":"System.String","Literal":"833429"}},{"Name":"Vessel Name","Value":{"Type":"System.String","Literal":"GER'NTH"}},{"Name":"Port of Registry","Value":{"Type":"System.String","Literal":"PORT HAWKESBURY"}},{"Name":"Status","Value":{"Type":"System.String","Literal":"REGISTERED"}},{"Name":"Former Vessel Name","Value":{"Type":"System.String","Literal":"-"}},{"Name":"IMO Number","Value":{"Type":"System.String","Literal":"-"}},{"Name":"Hull Number","Value":{"Type":"System.String","Literal":"-"}},{"Name":"Year Built","Value":{"Type":"System.String","Literal":"1994"}},{"Name":"Year Rebuilt","Value":{"Type":"System.String","Literal":"-"}},{"Name":"Registry Date","Value":{"Type":"System.String","Literal":"2009-02-19"}},{"Name":"Certificate Expires","Value":{"Type":"System.String","Literal":"2018-02-28"}},{"Name":"Number of Encumbrances","Value":{"Type":"System.Decimal","Literal":"0"}},{"Name":"Vessel Type","Value":{"Type":"System.String","Literal":"FISHING"}},{"Name":"Gross Tonnage (t)","Value":{"Type":"System.Decimal","Literal":"5.179998555360"}},{"Name":"Net Tonnage (t)","Value":{"Type":"System.Decimal","Literal":"3.889999446888"}},{"Name":"Construction Type","Value":{"Type":"System.String","Literal":"MOULDED"}},{"Name":"Construction Material","Value":{"Type":"System.String","Literal":"REINFORCED PLASTIC"}},{"Name":"Vessel Length (m)","Value":{"Type":"System.Decimal","Literal":"6"}},{"Name":"Vessel Breadth (m)","Value":{"Type":"System.Decimal","Literal":"4.50"}},{"Name":"Vessel Depth (m)","Value":{"Type":"System.Decimal","Literal":"1.20"}},{"Name":"Engine Description","Value":{"Type":"System.String","Literal":"-"}},{"Name":"Number of Engines","Value":{"Type":"System.String","Literal":"-"}},{"Name":"Propulsion Type","Value":{"Type":"System.String","Literal":"SELF-PROPELLED"}},{"Name":"Speed (knots)","Value":{"Type":"System.String","Literal":""}},{"Name":"Propulsion Method","Value":{"Type":"System.String","Literal":"SINGLE SCREW"}},{"Name":"Propulsion Power","Value":{"Type":"System.String","Literal":"156"}},{"Name":"Unit of Power","Value":{"Type":"System.String","Literal":"KILOWATTS"}},{"Name":"Builder Name","Value":{"Type":"System.String","Literal":"EDWIN DONALD SHAW"}},{"Name":"Builder Address 1","Value":{"Type":"System.String","Literal":"RR 1"}},{"Name":"Builder Address 2","Value":{"Type":"System.String","Literal":""}},{"Name":"Builder Address 3","Value":{"Type":"System.String","Literal":""}},{"Name":"Builder City","Value":{"Type":"System.String","Literal":"PICTOU"}},{"Name":"Builder Prov. Code","Value":{"Type":"System.String","Literal":"NS"}},{"Name":"Builder State / Province","Value":{"Type":"System.String","Literal":"NOVA SCOTIA"}},{"Name":"Builder Country Code","Value":{"Type":"System.String","Literal":"020"}},{"Name":"Builder Country","Value":{"Type":"System.String","Literal":"CANADA"}},{"Name":"Builder Postal Code","Value":{"Type":"System.String","Literal":"B0K 1H0"}}],[{"Name":"Official Number","Value":{"Type":"System.String","Literal":"836910"}},{"Name":"Vessel Name","Value":{"Type":"System.String","Literal":"BLUE HERON VI"}},{"Name":"Port of Registry","Value":{"Type":"System.String","Literal":"VANCOUVER"}},{"Name":"Status","Value":{"Type":"System.String","Literal":"REGISTERED"}},{"Name":"Former Vessel Name","Value":{"Type":"System.String","Literal":"-"}},{"Name":"IMO Number","Value":{"Type":"System.String","Literal":"-"}},{"Name":"Hull Number","Value":{"Type":"System.String","Literal":"-"}},{"Name":"Year Built","Value":{"Type":"System.String","Literal":"2010"}},{"Name":"Year Rebuilt","Value":{"Type":"System.String","Literal":"-"}},{"Name":"Registry Date","Value":{"Type":"System.String","Literal":"2012-09-26"}},{"Name":"Certificate Expires","Value":{"Type":"System.String","Literal":"2015-09-30"}},{"Name":"Number of Encumbrances","Value":{"Type":"System.Decimal","Literal":"0"}},{"Name":"Vessel Type","Value":{"Type":"System.String","Literal":"FISHING"}},{"Name":"Gross Tonnage (t)","Value":{"Type":"System.Decimal","Literal":"9.519999826544"}},{"Name":"Net Tonnage (t)","Value":{"Type":"System.Decimal","Literal":"7.140001635632"}},{"Name":"Construction Type","Value":{"Type":"System.String","Literal":"MOULDED"}},{"Name":"Construction Material","Value":{"Type":"System.String","Literal":"FABRIC/GRP"}},{"Name":"Vessel Length (m)","Value":{"Type":"System.Decimal","Literal":"10.49"}},{"Name":"Vessel Breadth (m)","Value":{"Type":"System.Decimal","Literal":"3.73"}},{"Name":"Vessel Depth (m)","Value":{"Type":"System.Decimal","Literal":"1.52"}},{"Name":"Engine Description","Value":{"Type":"System.String","Literal":"-"}},{"Name":"Number of Engines","Value":{"Type":"System.String","Literal":"1"}},{"Name":"Propulsion Type","Value":{"Type":"System.String","Literal":"SELF-PROPELLED"}},{"Name":"Speed (knots)","Value":{"Type":"System.String","Literal":""}},{"Name":"Propulsion Method","Value":{"Type":"System.String","Literal":"SINGLE SCREW"}},{"Name":"Propulsion Power","Value":{"Type":"System.String","Literal":"322.5"}},{"Name":"Unit of Power","Value":{"Type":"System.String","Literal":"KILOWATTS"}},{"Name":"Builder Name","Value":{"Type":"System.String","Literal":"THANH VAN LE"}},{"Name":"Builder Address 1","Value":{"Type":"System.String","Literal":"11051 KING RD."}},{"Name":"Builder Address 2","Value":{"Type":"System.String","Literal":""}},{"Name":"Builder Address 3","Value":{"Type":"System.String","Literal":""}},{"Name":"Builder City","Value":{"Type":"System.String","Literal":"RICHMOND"}},{"Name":"Builder Prov. Code","Value":{"Type":"System.String","Literal":"BC"}},{"Name":"Builder State / Province","Value":{"Type":"System.String","Literal":"BRITISH COLUMBIA"}},{"Name":"Builder Country Code","Value":{"Type":"System.String","Literal":"020"}},{"Name":"Builder Country","Value":{"Type":"System.String","Literal":"CANADA"}},{"Name":"Builder Postal Code","Value":{"Type":"System.String","Literal":"V7A 3B3"}}]]