{
  "name": "polymer",
  "version": "0.9.4",
  "main": [
    "polymer.html"
  ],
  "license": "http://polymer.github.io/LICENSE.txt",
  "ignore": [
    "/.*",
    "/test/"
  ],
  "authors": [
    "The Polymer Authors (http://polymer.github.io/AUTHORS.txt)"
  ],
  "repository": {
    "type": "git",
    "url": "https://github.com/Polymer/polymer.git"
  },
  "dependencies": {
    "webcomponentsjs": "^0.7.2"
  },
  "devDependencies": {
    "web-component-tester": "*"
  },
  "private": true,
  "homepage": "https://github.com/Polymer/polymer",
  "_release": "0.9.4",
  "_resolution": {
    "type": "version",
    "tag": "v0.9.4",
    "commit": "7eaa010d31d8d8541a4d744784067742a7992fd1"
  },
  "_source": "git://github.com/Polymer/polymer.git",
  "_target": "~0.9",
  "_originalSource": "Polymer/polymer"
}