{
  "name": "webcomponentsjs",
  "main": "webcomponents.js",
  "version": "0.7.2",
  "homepage": "http://webcomponents.org",
  "authors": [
    "The Polymer Authors"
  ],
  "keywords": [
    "webcomponents"
  ],
  "license": "BSD",
  "ignore": [],
  "_release": "0.7.2",
  "_resolution": {
    "type": "version",
    "tag": "v0.7.2",
    "commit": "ae4e2d728f3da846541caa40dbaa881100e464d2"
  },
  "_source": "git://github.com/Polymer/webcomponentsjs.git",
  "_target": "^0.7.2",
  "_originalSource": "webcomponentsjs"
}