<configuration>

    <conversionRule conversionWord="coloredLevel" converterClass="play.api.Logger$ColoredLevel"/>

    <appender name="FILE" class="ch.qos.logback.core.rolling.RollingFileAppender">
        <file>${application.home}/logs/application.log</file>
        <rollingPolicy class="ch.qos.logback.core.rolling.TimeBasedRollingPolicy">
            <!-- Daily rollover with compression -->
            <fileNamePattern>application-log-%d{yyyy-MM-dd}.gz</fileNamePattern>
            <!-- keep 30 days worth of history -->
            <maxHistory>30</maxHistory>
        </rollingPolicy>
        <encoder>
            <pattern>%d{ISO8601} %-5level [%thread] %logger{36}: %class{0}::%method:%line - %msg%n</pattern>
        </encoder>
    </appender>

    <appender name="STDOUT" class="ch.qos.logback.core.ConsoleAppender">
        <encoder>
            <pattern>%d{ISO8601} %-5level [%thread] %logger{36}: %class{0}::%method:%line - %msg%n</pattern>
        </encoder>
    </appender>

    <!--
      The logger name is typically the Java/Scala package name.
      This configures the log level to log at for a package and its children packages.
    -->
    <logger name="play" level="INFO"/>
    <logger name="application" level="DEBUG"/>


    <root level="INFO">
        <appender-ref ref="STDOUT"/>
    </root>

</configuration>
