{
  "name": "paper-fab",
  "version": "0.9.2",
  "description": "A material design floating action button",
  "authors": [
    "The Polymer Authors"
  ],
  "keywords": [
    "web-components",
    "web-component",
    "polymer",
    "paper",
    "button"
  ],
  "main": "paper-fab.html",
  "ignore": [],
  "private": true,
  "repository": {
    "type": "git",
    "url": "git://github.com/PolymerElements/paper-fab"
  },
  "license": "MIT",
  "homepage": "https://github.com/PolymerElements/paper-fab",
  "dependencies": {
    "paper-ripple": "polymerelements/paper-ripple#^0.9.0",
    "paper-material": "polymerelements/paper-material#^0.9.0",
    "paper-behaviors": "polymerelements/paper-behaviors#^0.9.0",
    "iron-flex-layout": "polymerelements/iron-flex-layout#^0.9.0",
    "iron-icon": "polymerelements/iron-icon#^0.9.0",
    "iron-icons": "polymerelements/iron-icons#^0.9.0",
    "paper-styles": "polymerelements/paper-styles#^0.9.0",
    "polymer": "Polymer/polymer#^0.9.0"
  },
  "devDependencies": {
    "test-fixture": "polymerelements/test-fixture#^0.9.0",
    "paper-styles": "polymerelements/paper-styles#^0.9.0",
    "web-component-tester": "*",
    "webcomponentsjs": "webcomponents/webcomponentsjs#^0.7.0"
  },
  "_release": "0.9.2",
  "_resolution": {
    "type": "version",
    "tag": "v0.9.2",
    "commit": "d8b2e3bf4e0581245e20b3ad74a655990700fcde"
  },
  "_source": "git://github.com/PolymerElements/paper-fab.git",
  "_target": "~0.9",
  "_originalSource": "PolymerElements/paper-fab"
}