<?xml version="1.0" encoding="UTF-8"?>
<configuration>

    <appender name="FILE" class="ch.qos.logback.core.FileAppender">
        <file>logs/hmrc-frontend.log</file>
        <encoder class="ch.qos.logback.classic.encoder.PatternLayoutEncoder">
            <pattern>%date{ISO8601} level=[%level] logger=[%logger] thread=[%thread] message=[%message] %replace(exception=[%xException]){'^exception=\[\]$',''}%n</pattern>
        </encoder>
    </appender>

    <appender name="STDOUT" class="ch.qos.logback.core.ConsoleAppender">
        <encoder class="ch.qos.logback.classic.encoder.PatternLayoutEncoder">
            <pattern>%date{ISO8601} level=[%level] logger=[%logger] thread=[%thread] rid=[%X{X-Request-ID}] user=[%X{Authorization}] message=[%message] %replace(exception=[%xException]){'^exception=\[\]$',''}%n</pattern>
        </encoder>
    </appender>

    <appender name="STDOUT_IGNORE_NETTY" class="ch.qos.logback.core.ConsoleAppender">
        <encoder class="ch.qos.logback.classic.encoder.PatternLayoutEncoder">
            <pattern>%date{ISO8601} level=[%level] logger=[%logger] thread=[%thread] rid=[not-available] user=[not-available] message=[%message] %replace(exception=[%xException]){'^exception=\[\]$',''}%n</pattern>
        </encoder>
    </appender>

    <appender name="ACCESS_LOG_FILE" class="ch.qos.logback.core.FileAppender">
        <file>logs/access.log</file>
        <encoder>
            <pattern>%message%n</pattern>
        </encoder>
    </appender>

    <appender name="CONNECTOR_LOG_FILE" class="ch.qos.logback.core.FileAppender">
        <file>logs/connector.log</file>
        <encoder>
            <pattern>%message%n</pattern>
        </encoder>
    </appender>


    <logger name="accesslog" level="INFO" additivity="false">
        <appender-ref ref="ACCESS_LOG_FILE" />
    </logger>

    <logger name="com.ning.http.client.providers.netty" additivity="false">
        <appender-ref ref="STDOUT_IGNORE_NETTY" />
    </logger>

    <logger name="uk.gov" level="INFO"/>

    <logger name="application" level="DEBUG"/>

    <logger name="connector" level="TRACE">
        <appender-ref ref="STDOUT"/>
    </logger>

    <root level="DEBUG">
        <appender-ref ref="FILE"/>
        <appender-ref ref="STDOUT"/>
    </root>
</configuration>
