{
  "name": "paper-spinner",
  "version": "0.9.4",
  "description": "A material design spinner",
  "authors": [
    "The Polymer Authors"
  ],
  "keywords": [
    "web-components",
    "polymer",
    "spinner",
    "loading"
  ],
  "main": "index.html",
  "private": true,
  "repository": {
    "type": "git",
    "url": "git://github.com/PolymerElements/paper-spinner"
  },
  "license": "MIT",
  "homepage": "https://github.com/PolymerElements/paper-spinner",
  "ignore": [],
  "dependencies": {
    "iron-flex-layout": "PolymerElements/iron-flex-layout#^0.9.0",
    "paper-styles": "PolymerElements/paper-styles#^0.9.0",
    "polymer": "Polymer/polymer#^0.9.0"
  },
  "devDependencies": {
    "web-component-tester": "*",
    "iron-component-page": "PolymerElements/iron-component-page#^0.9.0",
    "test-fixture": "PolymerElements/test-fixture#^0.9.0",
    "webcomponentsjs": "webcomponents/webcomponentsjs#^0.7.0"
  },
  "_release": "0.9.4",
  "_resolution": {
    "type": "version",
    "tag": "v0.9.4",
    "commit": "1b9f842037b5fd48617da5eefe79fef3389b4c16"
  },
  "_source": "git://github.com/PolymerElements/paper-spinner.git",
  "_target": "~0.9",
  "_originalSource": "PolymerElements/paper-spinner"
}