{
  "name": "iron-meta",
  "version": "0.9.1",
  "description": "Useful for sharing information across a DOM tree",
  "private": true,
  "authors": [
    "The Polymer Authors"
  ],
  "dependencies": {
    "polymer": "Polymer/polymer#^0.9.0"
  },
  "devDependencies": {
    "iron-component-page": "polymerelements/iron-component-page#^0.9.0",
    "test-fixture": "polymerelements/test-fixture#^0.9.0",
    "web-component-tester": "*",
    "webcomponentsjs": "webcomponents/webcomponentsjs#^0.7.0"
  },
  "homepage": "https://github.com/polymerelements/iron-meta",
  "_release": "0.9.1",
  "_resolution": {
    "type": "version",
    "tag": "v0.9.1",
    "commit": "3c4d81925313e932b0393ecd08395c0b3e85f100"
  },
  "_source": "git://github.com/polymerelements/iron-meta.git",
  "_target": "^0.9.0",
  "_originalSource": "polymerelements/iron-meta"
}