{
  "name": "paper-behaviors",
  "version": "0.9.6",
  "description": "Common behaviors across the paper elements",
  "authors": [
    "The Polymer Authors"
  ],
  "main": [
    "paper-button-behavior.html",
    "paper-radio-button-behavior.html"
  ],
  "keywords": [
    "web-components",
    "web-component",
    "polymer",
    "paper",
    "behavior"
  ],
  "private": true,
  "repository": {
    "type": "git",
    "url": "git://github.com/PolymerElements/paper-behaviors"
  },
  "license": "MIT",
  "homepage": "https://github.com/PolymerElements/paper-behaviors",
  "dependencies": {
    "iron-behaviors": "PolymerElements/iron-behaviors#^0.9.0",
    "polymer": "Polymer/polymer#^0.9.0"
  },
  "devDependencies": {
    "iron-component-page": "polymerelements/iron-component-page#^0.9.0",
    "iron-test-helpers": "polymerelements/iron-test-helpers#^0.9.0",
    "paper-material": "PolymerElements/paper-material#^0.9.0",
    "paper-ripple": "PolymerElements/paper-ripple#^0.9.2",
    "test-fixture": "PolymerElements/test-fixture#^0.9.0",
    "web-component-tester": "*",
    "webcomponentsjs": "webcomponents/webcomponentsjs#^0.7.0"
  },
  "_release": "0.9.6",
  "_resolution": {
    "type": "version",
    "tag": "v0.9.6",
    "commit": "28aae508f8a344384f5d9d74e358df12bab70197"
  },
  "_source": "git://github.com/polymerelements/paper-behaviors.git",
  "_target": "^0.9.0",
  "_originalSource": "polymerelements/paper-behaviors"
}