<configuration>
  <conversionRule conversionWord="coloredLevel" converterClass="play.api.Logger$ColoredLevel" />

  <appender name="FILE" class="ch.qos.logback.core.FileAppender">
    <file>/home/ubuntu/logs/boilerplay.log</file>
    <encoder>
      <pattern>%date - [%level] - from %logger in %thread %n%message%n%xException%n</pattern>
    </encoder>
  </appender>

  <appender name="STDOUT" class="ch.qos.logback.core.ConsoleAppender">
    <encoder>
      <pattern>%coloredLevel - %date - %logger{15} - %message%n%xException{20}</pattern>
    </encoder>
  </appender>

  <logger name="play" level="INFO" />
  <logger name="application" level="INFO" />
  <logger name="boilerplay" level="INFO" />

  <logger name="com.mohiva" level="INFO" />
  <logger name="com.github.mauricio.async.db" level="WARN" />

  <!-- Off these ones as they are annoying, and anyway we manage configuration ourselves -->
  <logger name="com.avaje.ebean.config.PropertyMapLoader" level="OFF" />
  <logger name="com.avaje.ebeaninternal.server.core.XmlConfigLoader" level="OFF" />
  <logger name="com.avaje.ebeaninternal.server.lib.BackgroundThread" level="OFF" />
  <logger name="com.gargoylesoftware.htmlunit.javascript" level="OFF" />

  <root level="ERROR">
    <appender-ref ref="STDOUT" />
    <appender-ref ref="FILE" />
  </root>
</configuration>
