<configuration>
  <conversionRule conversionWord="coloredLevel" converterClass="play.api.Logger$ColoredLevel" />

  <appender name="STDOUT" class="ch.qos.logback.core.ConsoleAppender">
    <encoder>
      <charset>UTF-8</charset>
      <pattern>%-5coloredLevel %d{HH:mm:ss.SSS} %cyan(%logger{15}): %msg%n%xException</pattern>
    </encoder>
  </appender>

  <appender name="FILE" class="ch.qos.logback.core.rolling.RollingFileAppender">
    <file>logs/boilerplay.log</file>
    <rollingPolicy class="ch.qos.logback.core.rolling.TimeBasedRollingPolicy">
      <fileNamePattern>logs/boilerplay.%d{yyyy-MM-dd}.%i.log</fileNamePattern>
      <timeBasedFileNamingAndTriggeringPolicy class="ch.qos.logback.core.rolling.SizeAndTimeBasedFNATP">
        <maxFileSize>50MB</maxFileSize>
      </timeBasedFileNamingAndTriggeringPolicy>
      <maxHistory>356</maxHistory>
    </rollingPolicy>

    <encoder>
      <charset>UTF-8</charset>
      <pattern>[%level] %date from %logger in %thread %n%message%n%xException%n</pattern>
    </encoder>
  </appender>

  <logger name="play" level="INFO" />
  <logger name="application" level="INFO" />
  <logger name="boilerplay" level="INFO" />

  <logger name="com.mohiva" level="INFO" />
  <logger name="com.github.mauricio.async.db" level="WARN" />

  <!-- Off these ones as they are annoying, and anyway we manage configuration ourselves -->
  <logger name="com.avaje.ebean.config.PropertyMapLoader" level="OFF" />
  <logger name="com.avaje.ebeaninternal.server.core.XmlConfigLoader" level="OFF" />
  <logger name="com.avaje.ebeaninternal.server.lib.BackgroundThread" level="OFF" />
  <logger name="com.gargoylesoftware.htmlunit.javascript" level="OFF" />

  <root level="ERROR">
    <appender-ref ref="STDOUT" />
    <appender-ref ref="FILE" />
  </root>
</configuration>
